Date,Activity Id,Type,Route Name,Distance (km),Duration,Average Pace,Average Speed (km/h),Calories Burned,Climb (m),Average Heart Rate (bpm),Friend's Tagged,Notes,GPX File
11/11/2018 14:05,c9627fed-14ac-47a2-bed3-2a2630c63c15,Running,,10.44,58:40:00,5:37,10.68,774,130,159,,,2018-11-11-140512.gpx
11/9/2018 15:02,be65818d-a801-4847-a43b-2acdf4dc70e7,Running,,12.84,1:14:12,5:47,10.39,954,168,159,,,2018-11-09-150235.gpx
11/4/2018 16:05,c09b2f92-f855-497c-b624-c196b3ef036c,Running,,13.01,1:15:16,5:47,10.37,967,171,155,,,2018-11-04-160500.gpx
11/1/2018 14:03,bc9b612d-3499-43ff-b82a-9b17b71b8a36,Running,,12.98,1:14:25,5:44,10.47,960,169,158,,,2018-11-01-140358.gpx
10/27/2018 17:01,972567b2-1b0e-437c-9e82-fef8078d6438,Running,,13.02,1:12:50,5:36,10.73,967,170,154,,,2018-10-27-170136.gpx
10/19/2018 17:52,fe2cb3fc-6330-40fa-8a92-0f86f4e72282,Running,,10.29,59:18:00,5:46,10.41,764,133,155,,,2018-10-19-175232.gpx
10/14/2018 17:28,96acedc9-d3d5-4aac-8df4-f549a6418c1d,Running,,12.93,1:10:16,5:26,11.04,953,159,158,,,2018-10-14-172856.gpx
10/12/2018 17:41,3c91092b-e6f3-4565-b540-6b6537358006,Running,,12.31,1:09:26,5:38,10.64,903,134,157,,,2018-10-12-174158.gpx
10/6/2018 16:45,4c163abe-3a57-42fd-b50b-7f365960cbd4,Cycling,,19.63,1:26:26,4:24,13.63,577,210,79,,,2018-10-06-164502.gpx
9/30/2018 16:52,70c7f2ba-f4cb-4403-a9e4-bf2c9b93bb05,Running,,12.97,1:13:56,5:42,10.52,964,171,156,,,2018-09-30-165234.gpx
9/16/2018 14:55,30aaa821-1d3a-4f2f-9688-8543cebbd6e8,Cycling,,32.61,1:55:15,3:32,16.98,830,462,118,,,2018-09-16-145503.gpx
9/2/2018 17:24,51781e97-560e-48d0-9522-44f303f9235f,Other,,17.65,1:01:28,3:29,17.23,1164,219,77,,,2018-09-02-172428.gpx
9/1/2018 17:06,2bd1841f-b428-4683-a41b-2bfb4be7e908,Cycling,,36.89,1:58:39,3:13,18.65,937,491,122,,,2018-09-01-170615.gpx
8/28/2018 18:44,c9a8e088-441d-4b3f-bfbc-287e87585ca7,Cycling,,28.17,1:27:07,3:06,19.4,685,400,111,,,2018-08-28-184433.gpx
8/25/2018 17:18,12723b6e-571b-4b68-be17-2c797982d3f9,Cycling,,19.41,1:11:33,3:41,16.28,536,199,124,,,2018-08-25-171832.gpx
8/22/2018 18:25,503a12b4-9a16-4c63-bbcd-be528ae0787a,Running,,4.38,33:55:00,7:45,7.75,334,60,138,,,2018-08-22-182522.gpx
8/12/2018 17:37,fa9f57d9-4995-4efe-9eb8-00983fde4486,Running,,22.09,2:13:22,6:02,9.94,1652,342,148,,,2018-08-12-173717.gpx
8/8/2018 18:44,dc1669de-2d66-4e14-a24f-ba0ed06d70a1,Running,,15.27,1:19:37,5:13,11.51,1143,241,150,,,2018-08-08-184459.gpx
8/5/2018 10:17,d4a6b5b2-2dba-464a-a26e-eec0b67db077,Running,,18.7,1:49:19,5:51,10.26,1397,280,150,,,2018-08-05-101710.gpx
8/1/2018 18:20,03006a09-870b-4f15-bb6c-9b979793e75a,Running,,18.2,1:43:05,5:40,10.59,1355,259,145,,,2018-08-01-182026.gpx
7/31/2018 18:25,a929c543-bc2e-446d-9431-40e60fbc6270,Other,,16.8,1:07:21,4:01,14.97,1075,202,94,,,2018-07-31-182524.gpx
7/30/2018 18:18,6c6dd4aa-7567-40c7-8a8c-e6fc33cc80fb,Running,,17.87,1:44:00,5:49,10.31,1269,261,141,,TomTom MySports Watch,2018-07-30-181847.gpx
7/27/2018 11:43,eb6a80cb-bf87-4426-bc11-9610b7b70cba,Running,,12.71,1:14:51,5:53,10.19,893,180,145,,TomTom MySports Watch,2018-07-27-114303.gpx
7/20/2018 8:01,83e5d964-2630-475d-9c17-d906ddd59eb0,Running,,11.01,59:18:00,5:23,11.14,795,85,,,,2018-07-20-080151.gpx
7/18/2018 8:08,1906f2c4-e77e-4364-98f2-f4eb1d8c9960,Running,,11.04,55:41:00,5:03,11.9,801,87,,,,2018-07-18-080839.gpx
7/13/2018 17:43,324c89a8-c3c9-4576-867e-9038ba3fe761,Running,,17.96,1:41:36,5:40,10.6,1271,258,145,,TomTom MySports Watch,2018-07-13-174320.gpx
7/7/2018 16:02,4968a9c1-bc7a-4568-8394-815a406a6c86,Running,,17.85,1:37:40,5:28,10.97,1261,266,149,,TomTom MySports Watch,2018-07-07-160230.gpx
7/3/2018 18:00,e91eba7e-dd4c-4ae4-8909-c35dc6e2debb,Running,,18.75,1:41:30,5:25,11.08,1332,300,139,,TomTom MySports Watch,2018-07-03-180005.gpx
6/28/2018 12:24,8aa44a93-bf2a-449b-bee4-603135afec7b,Running,,17.95,1:36:59,5:24,11.1,1261,260,148,,TomTom MySports Watch,2018-06-28-122425.gpx
6/25/2018 18:11,4007c802-acff-47ad-a9b0-8403ef8d3def,Running,,18.72,1:39:27,5:19,11.3,1317,301,142,,TomTom MySports Watch,2018-06-25-181112.gpx
6/21/2018 18:03,71c6e320-9ca9-4504-9cd6-4e8636ce5018,Running,,14.38,1:15:59,5:17,11.36,1007,211,145,,TomTom MySports Watch,2018-06-21-180318.gpx
6/18/2018 18:17,874c8870-8621-4356-81fd-e309d38f714a,Running,,11.63,1:02:52,5:24,11.1,811,145,141,,TomTom MySports Watch,2018-06-18-181749.gpx
6/16/2018 17:29,b5c6d02f-8c7f-4359-8263-29a9ca658af1,Running,,14.95,1:19:03,5:17,11.35,1057,243,147,,TomTom MySports Watch,2018-06-16-172900.gpx
6/13/2018 18:50,2f10b609-c2ef-4d8d-90ad-bd49cec2c41b,Running,,12.75,1:07:30,5:18,11.34,890,173,147,,TomTom MySports Watch,2018-06-13-185049.gpx
6/11/2018 18:23,784ecb1a-3614-47e1-a0ba-651f29c98f4c,Running,,15.74,1:22:58,5:16,11.38,1101,209,147,,TomTom MySports Watch,2018-06-11-182311.gpx
6/6/2018 18:44,e65e79d8-d30e-4ec1-b15e-aa7c63385dc9,Running,,12.78,1:07:56,5:19,11.29,901,170,143,,TomTom MySports Watch,2018-06-06-184429.gpx
6/3/2018 17:21,7f80d0e7-d2b2-455a-99fd-baa10dabc2b7,Running,,17.58,1:33:29,5:19,11.28,1240,235,149,,TomTom MySports Watch,2018-06-03-172151.gpx
5/30/2018 18:48,568802c2-29e3-481d-abc6-a504ee825345,Running,,12.81,1:08:12,5:20,11.27,907,172,147,,TomTom MySports Watch,2018-05-30-184800.gpx
5/27/2018 17:31,14196951-8a86-40f1-a99b-a966d26bb616,Running,,21.73,2:03:22,5:41,10.57,1528,343,140,,TomTom MySports Watch,2018-05-27-173109.gpx
5/23/2018 18:13,75a8e0c9-98f5-4f1c-a72f-31eab419477d,Running,,15.59,1:20:32,5:10,11.62,1078,208,158,,TomTom MySports Watch,2018-05-23-181317.gpx
5/21/2018 18:29,5527e00c-758e-411c-87ae-21669adcbc7c,Running,,12.79,1:07:03,5:15,11.44,899,168,144,,TomTom MySports Watch,2018-05-21-182935.gpx
5/18/2018 18:38,bfe5cada-e8c9-4e01-8a99-6baa5190d902,Running,,12.79,1:05:52,5:09,11.66,893,168,147,,TomTom MySports Watch,2018-05-18-183850.gpx
5/15/2018 18:56,775b794a-fde4-485c-a200-112a5d325a27,Running,,12.8,1:05:52,5:09,11.66,889,167,148,,TomTom MySports Watch,2018-05-15-185619.gpx
5/9/2018 18:03,90b07c52-c7e6-4458-a73f-7278beedde39,Running,,12.76,1:08:31,5:22,11.18,892,170,143,,TomTom MySports Watch,2018-05-09-180320.gpx
5/5/2018 11:43,daf91acd-00ea-4e13-b49b-11aba2980590,Running,,15.38,1:30:56,5:55,10.15,1098,234,152,,TomTom MySports Watch,2018-05-05-114310.gpx
5/2/2018 18:22,f99fd0ac-163d-4752-ba14-28f9f4361a63,Running,,12.77,1:07:59,5:19,11.27,894,174,147,,TomTom MySports Watch,2018-05-02-182209.gpx
4/29/2018 16:53,58da30d2-6e3c-44d2-849e-6530743419e4,Running,,15,1:25:03,5:40,10.58,1061,245,149,,TomTom MySports Watch,2018-04-29-165330.gpx
4/24/2018 18:17,0e04a385-bc28-416d-b173-d37feb3df7c7,Running,,12.84,1:08:48,5:22,11.2,902,171,143,,TomTom MySports Watch,2018-04-24-181723.gpx
4/21/2018 18:18,e870e465-ae64-405f-b05f-f3d7737b5347,Running,,12.7,1:07:12,5:18,11.34,893,171,148,,TomTom MySports Watch,2018-04-21-181813.gpx
4/18/2018 18:16,f66c27e3-a1c7-45c2-baa4-d2e583522c18,Running,,12.84,1:06:56,5:13,11.51,901,172,146,,TomTom MySports Watch,2018-04-18-181649.gpx
4/15/2018 11:32,13b1f4bc-9d04-448b-9b0b-44d340c3b47c,Running,,12.76,1:07:57,5:20,11.26,892,169,154,,TomTom MySports Watch,2018-04-15-113226.gpx
4/13/2018 18:37,911b312b-cf1d-499d-bb46-cdeb31da9c9e,Running,,12.9,1:07:47,5:15,11.42,908,169,147,,TomTom MySports Watch,2018-04-13-183712.gpx
4/11/2018 18:17,5581c2b2-e254-46f8-99b0-388913baf5cf,Running,,12.82,1:07:10,5:14,11.45,892,173,147,,TomTom MySports Watch,2018-04-11-181735.gpx
4/8/2018 11:41,cfddcad3-7551-4944-b218-06b28149ac54,Running,,16.48,1:31:35,5:33,10.8,1158,236,164,,TomTom MySports Watch,2018-04-08-114149.gpx
4/6/2018 18:01,eaaf724a-d9fd-4937-8aaa-9e6445aaaad5,Running,,12.75,1:10:54,5:34,10.79,900,170,154,,TomTom MySports Watch,2018-04-06-180130.gpx
4/3/2018 18:43,dff3a1e2-ba08-4694-95dd-00acd3f1bf76,Running,,9.56,46:53:00,5:38,10.65,582,135,143,,TomTom MySports Watch,2018-04-03-184305.gpx
3/26/2018 18:33,e92b419b-61ee-45d6-9264-2f47e70f6d85,Running,,11.82,1:05:28,5:32,10.83,841,202,150,,TomTom MySports Watch,2018-03-26-183312.gpx
3/21/2018 18:57,98b6e3aa-d64a-4aa1-96e2-4b27cc428ba9,Running,,10.4,37:41:00,5:53,10.19,458,116,137,,TomTom MySports Watch,2018-03-21-185705.gpx
3/18/2018 18:14,a3e837f5-c99e-4ea1-9e51-b8a9b0a2544f,Running,,10.36,1:00:17,5:49,10.31,738,188,147,,TomTom MySports Watch,2018-03-18-181445.gpx
3/15/2018 18:31,462e7678-375e-4b97-bef4-95596625b711,Running,,10.15,58:40:00,5:47,10.38,719,182,149,,TomTom MySports Watch,2018-03-15-183135.gpx
2/19/2018 18:28,f37df89c-b59a-406a-a509-3ee09f080aa6,Running,,10.42,1:00:10,5:46,10.39,742,174,143,,TomTom MySports Watch,2018-02-19-182816.gpx
2/15/2018 19:11,dd258b46-8c3b-429a-9884-c38d29f1a77d,Running,,10.27,1:00:19,5:52,10.22,730,174,146,,TomTom MySports Watch,2018-02-15-191133.gpx
2/13/2018 18:27,cd9359da-2c5b-4c41-ac83-b4c237a85701,Running,,10.6,1:01:20,5:47,10.37,750,179,146,,TomTom MySports Watch,2018-02-13-182744.gpx
2/4/2018 17:47,e8203d40-8298-4484-9380-617d6b0d3aa5,Running,,10.08,58:57:00,5:51,10.26,713,175,141,,TomTom MySports Watch,2018-02-04-174737.gpx
1/28/2018 13:23,d1d36e85-9f28-4ab4-a4c2-60aea8f77490,Running,,13,1:13:42,5:40,10.59,910,174,152,,TomTom MySports Watch,2018-01-28-132330.gpx
1/24/2018 18:13,6d853ab2-e3c3-4206-af59-e22096f1b1d5,Running,,11.59,1:10:30,6:05,9.86,847,196,143,,TomTom MySports Watch,2018-01-24-181326.gpx
1/21/2018 11:46,2a24b579-7365-49da-a4e4-67c13d097e39,Running,,10.52,1:00:59,5:48,10.35,744,153,154,,TomTom MySports Watch,2018-01-21-114612.gpx
1/14/2018 12:48,039df468-14d0-4fdd-8496-c9f06f5a5d47,Running,,13.01,1:12:44,5:35,10.73,910,180,153,,TomTom MySports Watch,2018-01-14-124841.gpx
1/8/2018 18:25,2e4cf2f3-0bec-47fa-8890-86883953620a,Running,,10.64,1:03:43,5:59,10.02,769,182,140,,TomTom MySports Watch,2018-01-08-182542.gpx
1/5/2018 17:45,6344fc66-c0ec-47c5-bfae-c1d2b8d599c1,Running,,11.4,1:06:31,5:50,10.28,804,187,150,,TomTom MySports Watch,2018-01-05-174558.gpx
1/2/2018 17:41,04c2266b-0ff3-4789-9ebb-8e28d483a3bd,Running,,11.51,1:07:45,5:53,10.2,815,190,150,,TomTom MySports Watch,2018-01-02-174134.gpx
12/30/2017 17:11,bbfe7660-45db-4b6f-982f-11ca900db7e5,Running,,11.69,1:10:16,6:01,9.98,841,192,150,,TomTom MySports Watch,2017-12-30-171153.gpx
12/27/2017 18:50,c0706fc2-7192-4c28-b1f4-0553dc423ded,Running,,10.29,45:56:00,5:33,10.83,622,131,147,,TomTom MySports Watch,2017-12-27-185024.gpx
12/4/2017 18:14,45475dee-1fba-4bc5-bdf1-1ca458d0b20a,Running,,10,59:43:00,5:58,10.05,717,160,142,,TomTom MySports Watch,2017-12-04-181441.gpx
11/25/2017 12:17,402c9db6-fae4-43fe-b98b-92d474872f81,Running,,12.85,1:10:04,5:27,11,899,176,157,,TomTom MySports Watch,2017-11-25-121722.gpx
11/22/2017 18:21,bae73a36-cb24-4137-96c2-156e569cd015,Running,,8.55,43:29:00,5:46,10.42,534,129,140,,TomTom MySports Watch,2017-11-22-182112.gpx
11/15/2017 18:06,80ef1296-34ab-4880-af73-f7d9c8814b27,Running,,10.42,1:03:00,6:03,9.93,748,159,139,,TomTom MySports Watch,2017-11-15-180619.gpx
11/9/2017 18:39,3f5756f2-b3dc-4aa7-acc3-e38d7fa8e546,Running,,10.1,53:40:00,5:50,10.29,656,155,155,,TomTom MySports Watch,2017-11-09-183948.gpx
11/5/2017 15:48,b2fcf898-872d-48ea-8d29-29e11191c5cf,Running,,12.78,1:10:36,5:31,10.86,897,172,154,,TomTom MySports Watch,2017-11-05-154801.gpx
10/28/2017 16:07,88c26827-340d-4ef9-ba4e-e3fe1fdf6da4,Running,,12.87,1:11:13,5:32,10.84,895,170,148,,TomTom MySports Watch,2017-10-28-160720.gpx
10/19/2017 18:22,85c4573b-109d-404a-a3ba-a0d62bdb9ffc,Running,,10.85,50:41:00,5:44,10.47,624,144,140,,TomTom MySports Watch,2017-10-19-182210.gpx
10/16/2017 17:09,4d1cf5d9-cfc2-4020-892c-2deee6d125ed,Running,,14.9,1:22:16,5:31,10.86,1045,215,146,,TomTom MySports Watch,2017-10-16-170927.gpx
10/10/2017 18:24,a734675d-6dca-437e-8bbe-0aaec901a5f2,Running,,9.04,43:22:00,5:24,11.13,570,126,146,,TomTom MySports Watch,2017-10-10-182447.gpx
10/7/2017 16:29,8c38fe9f-c35b-416f-b77a-038777036e03,Running,,18.67,1:48:11,5:48,10.36,1327,297,143,,TomTom MySports Watch,2017-10-07-162917.gpx
10/1/2017 17:55,83409eae-5b76-47b8-89f0-db1e04801fc9,Running,,12.76,1:11:15,5:35,10.74,886,174,144,,TomTom MySports Watch,2017-10-01-175538.gpx
9/28/2017 18:20,acb25a0d-251b-4d39-86cd-63d49110d02e,Running,,12.77,1:07:38,5:18,11.33,897,171,143,,TomTom MySports Watch,2017-09-28-182048.gpx
9/25/2017 18:39,685a3715-03e9-42ad-af5f-4d08ae973c14,Running,,12.75,1:06:43,5:14,11.46,896,169,148,,TomTom MySports Watch,2017-09-25-183909.gpx
9/22/2017 12:27,4817879b-dedb-4b3d-a2e8-92d41757ccea,Cycling,,49.18,2:42:32,3:18,18.15,852,367,,,,2017-09-22-122714.gpx
9/19/2017 16:24,01fad411-6664-4cda-826c-044d3ad9e2bf,Running,,17.77,1:39:39,5:36,10.7,1247,257,139,,TomTom MySports Watch,2017-09-19-162408.gpx
9/16/2017 17:26,2fe19360-3ce6-4740-8d45-5fe77b21df75,Running,,18.6,1:43:09,5:33,10.82,1305,313,138,,TomTom MySports Watch,2017-09-16-172625.gpx
9/10/2017 16:57,fac04b5b-6fc2-45fc-bc29-63fa4eb77569,Running,,23.64,2:16:31,5:47,10.39,1682,394,142,,TomTom MySports Watch,2017-09-10-165756.gpx
9/7/2017 18:44,c95ca273-6089-4f22-9292-b22e3c0a89a1,Running,,10.5,44:32:00,5:14,11.45,603,88,141,,TomTom MySports Watch,2017-09-07-184444.gpx
9/5/2017 18:34,5fb52c7a-0331-4382-9636-b9fca42a797f,Running,,12.77,1:06:15,5:11,11.56,896,127,152,,TomTom MySports Watch,2017-09-05-183421.gpx
9/3/2017 17:20,861a0fed-e63d-415e-9193-b5815e65ff9f,Running,,23.8,2:11:00,5:30,10.9,1669,384,151,,TomTom MySports Watch,2017-09-03-172020.gpx
8/31/2017 18:44,51fb7201-2bba-4611-b2af-6530343ebc88,Running,,12.79,1:06:39,5:13,11.51,895,169,142,,TomTom MySports Watch,2017-08-31-184427.gpx
8/29/2017 18:36,e7a75592-c649-4c99-96be-ec52d555beca,Running,,12.7,1:07:42,5:20,11.25,901,127,147,,TomTom MySports Watch,2017-08-29-183614.gpx
8/19/2017 18:01,6e8cc448-7326-4986-b175-4a9341ec5d30,Running,,23.62,2:17:14,5:49,10.33,1667,377,138,,TomTom MySports Watch,2017-08-19-180157.gpx
8/17/2017 18:36,3c980f93-7aa1-477c-9f90-72ca01552031,Cycling,,15.53,40:04:00,2:35,23.25,380,164,138,,TomTom MySports Watch,2017-08-17-183600.gpx
8/16/2017 19:00,3522a99f-e715-4a5b-93fe-a681bdef0ea1,Running,,12.79,1:07:40,5:17,11.34,896,170,148,,TomTom MySports Watch,2017-08-16-190040.gpx
8/14/2017 18:01,e3f350ab-c7fa-42dd-8ccc-22162be34ab7,Running,,12.77,1:08:40,5:23,11.16,893,171,142,,TomTom MySports Watch,2017-08-14-180138.gpx
8/10/2017 18:28,7b11bced-0b12-4e02-9717-09587f4c715f,Running,,10.43,43:48:00,5:12,11.54,596,86,147,,TomTom MySports Watch,2017-08-10-182854.gpx
8/8/2017 18:39,d5f7dd47-f709-437c-ac71-30e87ce7e7ab,Running,,12.56,59:37:00,4:45,12.64,849,121,158,,TomTom MySports Watch,2017-08-08-183914.gpx
8/5/2017 17:14,57990ccc-1fc5-41b0-bc71-8b28ddf0d1b0,Running,,18.6,1:44:22,5:37,10.69,1398,295,142,,,2017-08-05-171400.gpx
8/1/2017 18:39,f116bf61-c409-448a-b80d-35de131c5afd,Running,,10.4,42:50:00,5:06,11.77,589,83,156,,TomTom MySports Watch,2017-08-01-183942.gpx
7/30/2017 17:24,13415fa0-b417-4681-969c-bcc5bc62882b,Running,,18.58,1:45:15,5:40,10.59,1312,307,145,,TomTom MySports Watch,2017-07-30-172423.gpx
7/23/2017 17:14,a93a029b-ba9f-46c3-acb5-1bfbb75257b2,Running,,18.71,1:39:26,5:19,11.29,1308,298,144,,TomTom MySports Watch,2017-07-23-171416.gpx
7/19/2017 18:50,ebe894be-7567-4b56-91ab-164554e20357,Running,,12.8,1:08:04,5:19,11.28,891,170,143,,TomTom MySports Watch,2017-07-19-185031.gpx
7/16/2017 10:34,20b3b267-b9a2-4c64-89a3-3ba0463b582c,Running,,18.54,1:44:22,5:38,10.66,1302,295,142,,TomTom MySports Watch,2017-07-16-103421.gpx
7/10/2017 18:26,8087a508-a36b-4bbd-bca3-cb458f855e9c,Running,,12.6,1:04:42,5:08,11.68,880,124,155,,TomTom MySports Watch,2017-07-10-182602.gpx
7/8/2017 16:26,ad867d0a-2a2b-4358-9a7a-65c2e098e8e6,Running,,23.59,2:13:08,5:39,10.63,1668,390,143,,TomTom MySports Watch,2017-07-08-162643.gpx
7/5/2017 18:53,2301d707-d4e3-461d-b6af-5ffff1b77dbf,Running,,12.78,1:07:52,5:19,11.3,875,173,140,,TomTom MySports Watch,2017-07-05-185340.gpx
7/2/2017 18:34,67d8bff0-657c-46ce-aa3a-4c6533e2f883,Running,,10.25,58:05:00,5:40,10.59,714,130,138,,TomTom MySports Watch,2017-07-02-183453.gpx
7/2/2017 17:15,f6e2f233-cf73-4d68-9938-52231df7c56a,Running,,13.39,1:16:21,5:42,10.52,938,248,136,,TomTom MySports Watch,2017-07-02-171547.gpx
6/28/2017 18:24,242d25a7-3f50-4e56-a351-59cbcf3f25fc,Running,,12.7,1:07:16,5:18,11.33,883,171,147,,TomTom MySports Watch,2017-06-28-182455.gpx
6/25/2017 15:57,7b4de242-4cb7-4962-8ec3-c0cbc71fb9b7,Running,,21.27,2:04:36,5:51,10.24,1518,340,145,,TomTom MySports Watch,2017-06-25-155736.gpx
6/21/2017 18:42,1a03076f-c730-4d45-8415-b0fe189cc672,Running,,12.72,1:09:23,5:27,11,885,175,139,,TomTom MySports Watch,2017-06-21-184229.gpx
6/17/2017 10:13,d4fccef8-c615-43a8-bf27-fa75bb200d13,Running,,14.87,1:25:46,5:46,10.41,1048,247,143,,TomTom MySports Watch,2017-06-17-101345.gpx
6/15/2017 18:54,86cdd8ff-11c5-4c6a-b221-3e65a88cc136,Running,,12.8,1:06:15,5:10,11.59,901,128,147,,TomTom MySports Watch,2017-06-15-185432.gpx
6/12/2017 18:25,ba13aabc-d722-4803-9c1f-4e5043ecced6,Running,,12.67,1:05:58,5:12,11.53,893,128,148,,TomTom MySports Watch,2017-06-12-182558.gpx
6/4/2017 16:01,f607c11e-85ad-492d-9cd3-df2f41d60c24,Running,,21.02,2:02:14,5:49,10.32,1482,330,138,,TomTom MySports Watch,2017-06-04-160152.gpx
6/1/2017 19:00,7937624f-091c-4ba4-933f-15c22bf65c4a,Running,,10.65,45:28:00,5:15,11.41,612,88,143,,TomTom MySports Watch,2017-06-01-190016.gpx
5/30/2017 18:19,58569994-61c8-400c-a647-114e161ff8df,Running,,10.42,42:48:00,5:05,11.8,584,85,154,,TomTom MySports Watch,2017-05-30-181920.gpx
5/28/2017 16:42,524ed1b8-7056-4455-be45-331b472c21f7,Running,,21.11,1:58:50,5:38,10.66,1477,337,143,,TomTom MySports Watch,2017-05-28-164207.gpx
5/24/2017 18:23,719a8602-3d87-471a-b74b-0621ea4c813d,Running,,12.74,1:09:47,5:29,10.95,892,171,140,,TomTom MySports Watch,2017-05-24-182330.gpx
5/21/2017 12:18,88ada870-907d-43d0-9a5a-bc92c8c6b97b,Running,,22.07,2:06:18,5:43,10.48,1569,354,146,,TomTom MySports Watch,2017-05-21-121856.gpx
5/17/2017 18:18,f53266a4-2f39-4c18-ad50-6fd60ab34285,Running,,13.82,1:10:59,5:08,11.68,1000,128,,,,2017-05-17-181834.gpx
5/15/2017 18:25,8eef0492-ce75-4cd5-8de5-f94bb69ef4dc,Running,,16.83,1:24:48,5:02,11.91,1177,167,151,,TomTom MySports Watch,2017-05-15-182555.gpx
5/10/2017 18:40,0edf90b1-2417-413a-96b6-368d01df8677,Running,,10.53,43:24:00,5:05,11.79,595,87,146,,TomTom MySports Watch,2017-05-10-184004.gpx
5/3/2017 18:32,f5dd15c6-ffbd-48e5-aa1c-3777ed5a97c7,Running,,12.43,1:04:04,5:09,11.64,865,125,151,,TomTom MySports Watch,2017-05-03-183201.gpx
5/1/2017 17:38,9a5c1022-08f3-4c9b-9cc5-492d4d7178f9,Cycling,,20.19,54:29:00,2:42,22.24,491,204,135,,TomTom MySports Watch,2017-05-01-173835.gpx
4/29/2017 17:05,0c00d186-32b8-43ff-ad2b-a982a535e270,Running,,21.18,2:02:14,5:46,10.39,1504,343,142,,TomTom MySports Watch,2017-04-29-170547.gpx
4/25/2017 18:44,51eb30dc-bc11-4296-bb7d-d40c83c60319,Running,,10.68,44:46:00,5:09,11.63,606,86,150,,TomTom MySports Watch,2017-04-25-184432.gpx
4/23/2017 11:50,943aff3a-a7a5-49c6-a179-5d5111600f01,Running,Two roads - Irpin,19.27,1:50:24,5:44,10.47,1450,305,149,,TomTom MySports Watch,2017-04-23-115012.gpx
4/17/2017 16:20,51ab838c-9266-436d-b26a-eb6b0d7c0fa5,Running,,15,1:21:03,5:24,11.1,1060,222,147,,TomTom MySports Watch,2017-04-17-162008.gpx
4/13/2017 19:04,48ea0a3a-4a02-4ee9-b310-8a367fd4e59d,Running,,9.58,46:21:00,5:24,11.1,603,88,145,,TomTom MySports Watch,2017-04-13-190416.gpx
4/10/2017 18:46,7263bbb0-934f-47a7-9d9e-f0a0816286be,Running,,12.72,1:07:05,5:16,11.38,908.9999995,122,146,,TomTom MySports Watch,2017-04-10-184656.gpx
4/6/2017 19:07,344ece5a-187e-418e-9287-0e8a11a07643,Running,,9.65,42:24:00,4:54,12.25,594.9999997,87,156,,TomTom MySports Watch,2017-04-06-190746.gpx
4/4/2017 18:31,6b2ca811-ca43-42ed-9b08-8752d2ddac50,Running,,10.61,45:58:00,5:20,11.24,612.9999996,89,143,,TomTom MySports Watch,2017-04-04-183111.gpx
4/1/2017 16:56,410ddb93-7109-4248-9ca6-86da1fdd311b,Running,,13.53,1:14:46,5:32,10.86,955.9999994,196,146,,TomTom MySports Watch,2017-04-01-165653.gpx
3/30/2017 19:06,9a3ec53a-d6f2-4ba7-87e1-085edf2a8064,Running,,10.48,46:53:00,5:32,10.85,606.9999997,90,143,,TomTom MySports Watch,2017-03-30-190629.gpx
3/28/2017 19:13,0b6616e6-be34-4950-b04e-11f0deeca9ab,Running,,9.65,45:24:00,5:15,11.43,611.9999996,88,152,,TomTom MySports Watch,2017-03-28-191323.gpx
3/26/2017 17:10,2c90030a-14cb-46e6-8152-646bccabe3b5,Running,,14.62,1:21:54,5:36,10.71,1062,149,,,,2017-03-26-171040.gpx
3/20/2017 18:44,f7461f26-c148-430d-be37-c1ede0e57ec5,Running,,14.42,1:18:40,5:27,11,1017.999999,99,148,,TomTom MySports Watch,2017-03-20-184413.gpx
3/16/2017 18:21,02eff545-2173-439c-afc3-d446e5802528,Running,,8.8,36:18:00,5:20,11.24,489.9999997,67,151,,TomTom MySports Watch,2017-03-16-182105.gpx
3/13/2017 18:34,a286c0fa-6876-491b-854a-c6d8813b4237,Running,,12.06,1:07:14,5:34,10.77,839.9999995,113,143,,TomTom MySports Watch,2017-03-13-183411.gpx
3/9/2017 18:20,cfdbf8c5-6f66-4de4-af0b-afc5f5a8ab28,Running,,10.52,54:28:00,5:43,10.49,675.9999996,81,139,,TomTom MySports Watch,2017-03-09-182043.gpx
2/27/2017 18:57,853911d0-7a12-456d-8e72-974a8e3782e5,Running,,11.02,59:26:00,5:24,11.12,790.9999995,102,150,,TomTom MySports Watch,2017-02-27-185730.gpx
2/23/2017 18:39,97b7530f-7db6-421e-95a4-6055cf6834df,Running,,9.8,50:57:00,5:47,10.37,617.9999996,85,139,,TomTom MySports Watch,2017-02-23-183915.gpx
2/21/2017 19:16,37a6dd24-87a6-4ec7-8df2-bed0faddf4c8,Running,,7.4,41:20:00,5:35,10.75,521.9999997,82,140,,TomTom MySports Watch,2017-02-21-191607.gpx
2/13/2017 18:42,a95379e3-8981-4309-9c3e-3f4397bf432d,Running,,9.78,56:19:00,5:45,10.42,691.9999996,78,146,,TomTom MySports Watch,2017-02-13-184255.gpx
2/6/2017 18:45,a3b20f84-2a41-4d82-ba64-ba5ae415d5a1,Running,,10.79,58:23:00,5:58,10.07,716.9999996,76,145,,TomTom MySports Watch,2017-02-06-184501.gpx
1/30/2017 18:43,dcf483e9-421e-42b6-b116-884c794f5366,Running,,6.98,37:28:00,5:22,11.18,496.9999997,66,143,,TomTom MySports Watch,2017-01-30-184333.gpx
1/26/2017 18:47,d61065b6-749d-46bf-a680-6ebb7067620c,Running,,10.3,44:30:00,5:22,11.19,585.9999997,74,144,,TomTom MySports Watch,2017-01-26-184736.gpx
1/23/2017 18:39,9a35d26a-e947-4374-b411-a28c07f0b153,Running,,11.98,1:07:49,5:40,10.6,849.9999995,100,150,,TomTom MySports Watch,2017-01-23-183910.gpx
1/19/2017 18:10,e3e565d9-b63b-4a12-9704-b3daef064784,Running,,8.43,41:36:00,5:36,10.72,517.9999997,51,132,,TomTom MySports Watch,2017-01-19-181000.gpx
1/16/2017 18:04,5847c202-4eb8-4416-b641-530232791775,Running,,12.15,1:08:32,5:38,10.64,849.9999995,99,143,,TomTom MySports Watch,2017-01-16-180430.gpx
1/12/2017 18:19,1a0c5ffe-b6ef-4c05-8126-acd92ab1b5a6,Running,,12,1:08:08,5:41,10.57,859.9999995,100,148,,TomTom MySports Watch,2017-01-12-181937.gpx
1/5/2017 18:15,e6f58116-e2c7-4f3a-848e-0529635f8bb3,Running,,7.02,39:42:00,5:39,10.61,492.9999997,68,143,,TomTom MySports Watch,2017-01-05-181510.gpx
1/3/2017 18:26,2e8b8cba-c1b5-4837-a124-9b8a30cc5ff9,Running,,10.05,57:27:00,5:43,10.49,699.9999996,93,143,,TomTom MySports Watch,2017-01-03-182607.gpx
12/29/2016 19:08,85115e40-2460-4043-ab77-9c48ad4e1aa3,Running,,7,39:48:00,5:41,10.55,490.9999997,67,113,,TomTom MySports Watch,2016-12-29-190837.gpx
12/26/2016 18:37,8f84f8fd-d26f-46d9-91bc-9ee4ddb6b2a8,Running,,6.92,39:42:00,5:44,10.45,478.9999997,67,139,,TomTom MySports Watch,2016-12-26-183708.gpx
12/22/2016 18:43,94105764-bf26-4123-b199-f4efef9c9959,Running,,6.9,38:28:00,5:35,10.76,481.9999997,64,137,,TomTom MySports Watch,2016-12-22-184338.gpx
12/15/2016 18:53,ad7aec27-c204-403a-aa08-5f4068d5b239,Running,,6.85,37:44:00,5:30,10.9,486.9999997,67,140,,TomTom MySports Watch,2016-12-15-185307.gpx
12/6/2016 18:36,159d92f4-c96b-43ea-88a3-8f1060d170ed,Running,,8.99,41:34:00,5:57,10.08,499.9999997,49,139,,TomTom MySports Watch,2016-12-06-183637.gpx
12/1/2016 18:39,5671ace7-1b97-4466-b4a3-e89a40588690,Running,,6.96,39:33:00,5:41,10.56,478.9999997,66,126,,TomTom MySports Watch,2016-12-01-183939.gpx
11/28/2016 18:46,f603036c-01a9-40dd-ae80-101e70056810,Running,,10.13,57:41:00,5:42,10.54,708.9999996,95,144,,TomTom MySports Watch,2016-11-28-184607.gpx
11/24/2016 18:50,1bfdff30-6f7f-4428-9316-3b6289bd57f3,Running,,6.73,36:01:00,5:21,11.21,470.9999997,65,163,,TomTom MySports Watch,2016-11-24-185024.gpx
11/21/2016 18:57,dcb51374-c574-4fac-8f30-d2f2080368eb,Running,,10.05,56:45:00,5:39,10.63,703.9999996,96,146,,TomTom MySports Watch,2016-11-21-185732.gpx
11/17/2016 18:52,56571fdf-a69d-4662-87f2-0a0cc0621d4e,Running,,8.95,40:32:00,5:50,10.28,493.9999997,67,161,,TomTom MySports Watch,2016-11-17-185221.gpx
11/15/2016 18:27,89e8ac21-0c79-4251-9d0b-ddef7c7cb0f3,Running,,6.94,40:44:00,5:52,10.22,491.9999997,66,134,,TomTom MySports Watch,2016-11-15-182755.gpx
11/10/2016 18:31,e29a6eb4-cd05-4dab-ac97-39ee3ecf0555,Running,,6.83,40:03:00,5:52,10.22,483.9999997,67,134,,TomTom MySports Watch,2016-11-10-183103.gpx
11/3/2016 18:17,912e75d6-3060-44c9-b67a-b2510b1fad32,Running,,6.77,37:58:00,5:37,10.7,482.9999997,64,142,,TomTom MySports Watch,2016-11-03-181735.gpx
10/31/2016 19:34,86ea4944-dc1b-4cc9-8e20-eb3a0267e3ff,Running,,10.15,56:36:00,5:35,10.76,700.9999996,109,132,,TomTom MySports Watch,2016-10-31-193432.gpx
10/27/2016 19:17,f7222eab-f4cf-4f15-ab3e-fb6a723b1294,Running,,6.84,34:57:00,5:06,11.75,477.9999997,75,146,,TomTom MySports Watch,2016-10-27-191755.gpx
10/24/2016 18:38,7d043cea-6c58-4e18-8d31-6ac3f1deb2a8,Running,,10.15,58:25:00,5:45,10.42,703.9999996,92,139,,TomTom MySports Watch,2016-10-24-183831.gpx
10/20/2016 18:57,772cc020-ef53-429b-9ae7-43e8cc474d86,Running,,10.19,56:25:00,5:32,10.83,715.9999996,89,148,,TomTom MySports Watch,2016-10-20-185748.gpx
10/17/2016 18:39,605ee6a1-3eba-4b09-8528-66f0a34368d5,Running,,10.02,55:56:00,5:35,10.75,712.9999996,92,136,,TomTom MySports Watch,2016-10-17-183956.gpx
10/15/2016 17:14,467ce511-b823-4bf8-a6b8-3de45da696b9,Running,,13.49,1:14:11,5:30,10.91,942.9999995,182,143,,TomTom MySports Watch,2016-10-15-171434.gpx
10/12/2016 17:50,0762a080-72c1-4316-9af3-520de54776dd,Running,,10.77,52:12:00,5:21,11.22,700,57,,,,2016-10-12-175031.gpx
10/3/2016 11:47,d7f518d9-57aa-4c3f-b5d1-a3f758155737,Cycling,,23.62,1:12:42,3:05,19.5,606,301,126,,TomTom MySports Watch,2016-10-03-114716.gpx
10/2/2016 16:36,f9df1129-32bf-4ff8-93fa-8e2617617c37,Running,,13.43,1:12:20,5:23,11.14,945.9999995,184,141,,TomTom MySports Watch,2016-10-02-163605.gpx
9/27/2016 18:11,e47410e1-1a6c-428f-a03d-7f5c86a1e6e7,Running,,6.88,32:47:00,4:46,12.59,496,49,,,,2016-09-27-181127.gpx
9/24/2016 16:39,90d59463-bd07-4aa2-bf45-51c5cc985a1f,Running,,19.41,1:46:24,5:29,10.95,1344.999999,320,140,,TomTom MySports Watch,2016-09-24-163937.gpx
9/22/2016 18:52,1454fad1-9940-448a-82fb-8ae9f3bf05e5,Running,,6.96,37:14:00,5:21,11.22,493.9999997,63,135,,TomTom MySports Watch,2016-09-22-185222.gpx
9/20/2016 18:42,b6743512-8841-4278-9f54-8028ca96eae6,Running,,10.03,53:21:00,5:19,11.28,712.9999996,89,139,,TomTom MySports Watch,2016-09-20-184240.gpx
9/15/2016 18:38,27a3ae81-deee-44f8-97ce-da1ed9d11ab6,Running,,10,47:55:00,4:47,12.52,673.9999996,91,150,,TomTom MySports Watch,2016-09-15-183853.gpx
9/12/2016 18:23,76fd4f11-78e0-4c31-a25f-4933c9163901,Running,,13.08,1:10:33,5:24,11.12,916.9999995,116,141,,TomTom MySports Watch,2016-09-12-182304.gpx
9/10/2016 17:13,be77ab12-11b2-4604-828d-6ac7ee0b6c50,Cycling,,13.11,32:47:00,2:30,23.99,328,163,136,,TomTom MySports Watch,2016-09-10-171351.gpx
9/8/2016 18:19,8a409a09-8312-448c-b513-ea63a18cbca1,Running,,13.12,1:04:40,4:56,12.17,905.9999995,110,154,,TomTom MySports Watch,2016-09-08-181956.gpx
9/4/2016 17:08,cc9e2d95-fc5d-4633-9801-a6a92df8eebe,Cycling,,13.64,40:43:00,2:59,20.09,342,184,134,,TomTom MySports Watch,2016-09-04-170828.gpx
9/3/2016 17:28,9697ecb1-cfe8-454c-86c6-1def815159b2,Running,,13.5,1:17:44,5:46,10.42,948.9999995,184,138,,TomTom MySports Watch,2016-09-03-172811.gpx
8/31/2016 18:33,d2e170c7-70e0-430c-ad0a-185fc87a4dae,Running,,13.06,1:04:09,4:55,12.22,898.9999995,107,152,,TomTom MySports Watch,2016-08-31-183350.gpx
8/28/2016 18:00,3054ec70-ce18-45a0-aaa3-badaa9d89711,Running,,12.05,1:07:14,5:35,10.76,834.9999995,172,143,,TomTom MySports Watch,2016-08-28-180016.gpx
8/27/2016 17:08,e3fc3373-0a83-4dba-8042-7eca0b3cf676,Cycling,,24.67,1:08:53,2:48,21.49,623,307,134,,TomTom MySports Watch,2016-08-27-170838.gpx
8/24/2016 17:26,81b6ef5d-8f11-4c2f-966d-d253706aa921,Running,,13.25,1:11:57,5:26,11.05,897.9999995,181,141,,TomTom MySports Watch,2016-08-24-172600.gpx
8/22/2016 18:14,ee6099f2-aa7e-4607-9934-829a12fd5224,Running,,10.06,51:20:00,5:06,11.76,716,58,,,,2016-08-22-181448.gpx
8/20/2016 15:43,d71c6646-114b-4fb9-a011-d195c560591b,Cycling,,31.48,1:29:50,2:51,21.03,740,553,138,,TomTom MySports Watch,2016-08-20-154349.gpx
8/19/2016 16:57,454b61da-b805-4a17-9a46-940c3607e8ee,Running,,13.43,1:14:24,5:32,10.83,904.9999995,185,150,,TomTom MySports Watch,2016-08-19-165741.gpx
8/17/2016 17:17,af644132-ea3f-4770-a8d3-703c17d6c858,Cycling,,21.82,1:22:34,3:47,15.86,533,316,122,,TomTom MySports Watch,2016-08-17-171709.gpx
8/14/2016 12:32,a871f64a-5aba-44ce-b166-f3b57c4406a6,Running,,21.16,2:04:44,5:54,10.18,1469.999999,351,149,,TomTom MySports Watch,2016-08-14-123207.gpx
8/1/2016 17:40,513f1448-16e1-4cc3-8f1f-71c02809d8c2,Running,,14.32,1:20:36,5:38,10.66,997.9999994,213,151,,TomTom MySports Watch,2016-08-01-174040.gpx
7/24/2016 17:13,34994797-0b06-484c-8a7a-ebd8760084a9,Running,,20.81,2:03:35,5:56,10.11,1435.999999,367,144,,TomTom MySports Watch,2016-07-24-171338.gpx
7/18/2016 18:28,d937fa3d-ace4-4083-abaa-ce450bf92ea9,Running,,10.01,50:49:00,5:05,11.82,682.9999996,92,151,,TomTom MySports Watch,2016-07-18-182847.gpx
7/16/2016 17:27,5085cce1-bebb-48cb-8429-33ff77b6fdf3,Running,,22.06,2:08:28,5:49,10.3,1524.999999,354,143,,TomTom MySports Watch,2016-07-16-172712.gpx
7/12/2016 18:20,d1b3933f-2b58-4158-b2e7-b2385682da43,Running,,10.71,50:45:00,5:14,11.47,696,52,,,,2016-07-12-182028.gpx
7/10/2016 16:35,85014381-7900-49e2-88f0-42c75e0954c1,Running,,19.27,1:49:48,5:42,10.53,1323.999999,319,142,,TomTom MySports Watch,2016-07-10-163525.gpx
7/4/2016 18:24,b8d35359-b7ee-4270-bd59-0b108b86bafd,Running,,16.46,1:28:53,5:24,11.11,1139.999999,146,144,,TomTom MySports Watch,2016-07-04-182446.gpx
7/2/2016 17:52,04a5969e-40b1-45de-a8f4-79745c556c59,Running,,13.55,1:18:01,5:46,10.42,933.9999995,189,137,,TomTom MySports Watch,2016-07-02-175207.gpx
6/27/2016 18:40,20ef6c75-37e5-48cc-ab4a-934347347632,Running,,13.28,1:12:43,5:29,10.96,903.9999995,180,146,,TomTom MySports Watch,2016-06-27-184044.gpx
6/25/2016 17:02,c306e91d-482d-40b4-96f6-c6f2117eaab4,Running,,13.22,1:16:38,5:48,10.35,917.9999995,226,142,,TomTom MySports Watch,2016-06-25-170244.gpx
6/23/2016 18:29,7bedfff1-e270-4ca6-9b34-61f3fc016487,Running,,10.02,51:35:00,5:09,11.65,719,60,,,"Very hot, up to 30+",2016-06-23-182958.gpx
6/19/2016 17:04,2c7b0c7c-1a8e-46d8-88f0-f52cde314a5d,Running,,18.59,1:49:24,5:53,10.19,1283.999999,295,142,,TomTom MySports Watch,2016-06-19-170431.gpx
6/14/2016 18:40,86208dc5-01ec-4383-8284-89afd17ff565,Running,,13.21,1:08:35,5:11,11.56,904.9999995,119,155,,TomTom MySports Watch,2016-06-14-184051.gpx
6/12/2016 12:07,5ba46d07-d64a-4204-b64c-11b5fb095be6,Running,,19.89,1:45:59,5:20,11.26,1452,202,,,,2016-06-12-120708.gpx
6/5/2016 17:10,adb38948-116e-4000-9598-877aa7b718da,Running,,15.52,1:30:35,5:50,10.28,1073.999999,254,142,,TomTom MySports Watch,2016-06-05-171029.gpx
6/2/2016 18:43,7d056151-5c10-44c8-ad58-43bf7e1e6fe6,Running,,13.24,1:09:06,5:13,11.5,910.9999995,117,145,,TomTom MySports Watch,2016-06-02-184344.gpx
5/30/2016 18:51,69ba4306-6177-4ef1-b3c6-cea3e9700116,Running,,10.03,52:02:00,5:11,11.57,685.9999996,91,145,,TomTom MySports Watch,2016-05-30-185132.gpx
5/26/2016 18:30,e6a0852a-16ff-446c-b522-21c9489c07b7,Running,,12.88,1:08:16,5:18,11.32,892.9999995,145,149,,TomTom MySports Watch,2016-05-26-183037.gpx
5/23/2016 18:26,bf304a1c-a01b-4ceb-9559-bde274612398,Running,,10.02,51:25:00,5:08,11.68,720,64,,,,2016-05-23-182658.gpx
5/22/2016 15:31,d6e2c045-ce5b-49be-846e-a59df6bd4f0d,Cycling,,39.62,1:48:59,2:45,21.81,877,319,,,,2016-05-22-153106.gpx
5/19/2016 18:54,fc27d591-a215-4c9b-b30d-22dc38a9293e,Running,,10.14,55:00:00,5:26,11.06,701.9999996,99,145,,TomTom MySports Watch,2016-05-19-185407.gpx
5/9/2016 16:46,6efb6c1b-fcb4-449c-be9b-6c70d6d0acab,Running,,13.5,1:15:04,5:34,10.79,920.9999995,181,147,,TomTom MySports Watch,2016-05-09-164649.gpx
4/24/2016 17:16,3c60a550-2443-4986-b9b8-666f29b2b367,Running,,12.85,1:16:56,5:59,10.02,902.9999995,185,142,,TomTom MySports Watch,2016-04-24-171601.gpx
4/17/2016 16:20,5fe9a80e-d885-426e-816e-2d7aca6844ec,Running,,13.47,1:17:55,5:47,10.37,927.9999995,180,140,,TomTom MySports Watch,2016-04-17-162056.gpx
4/11/2016 18:25,f5856eb2-a21b-4796-9b0c-b581bfb0f777,Running,,9.88,47:00:00,5:17,11.34,615.9999996,83,143,,TomTom MySports Watch,2016-04-11-182511.gpx
4/7/2016 18:50,f260fb9a-5017-40e2-af1d-77ff22e3c5f6,Running,,10,51:15:00,5:07,11.71,684.9999996,92,145,,TomTom MySports Watch,2016-04-07-185038.gpx
4/3/2016 16:27,30839785-9325-435a-97d2-219039984113,Running,,10.3,58:59:00,5:44,10.47,705.9999996,143,142,,TomTom MySports Watch,2016-04-03-162737.gpx
3/28/2016 16:12,bd2a55a4-2553-4007-808d-5456de4482c6,Running,,15.62,1:32:26,5:55,10.14,1084.999999,258,145,,TomTom MySports Watch,2016-03-28-161215.gpx
3/21/2016 18:51,63c7f05c-2285-489e-ae1e-af1b7ecce87c,Running,,10.1,51:25:00,5:39,10.62,625.9999996,85,142,,TomTom MySports Watch,2016-03-21-185135.gpx
3/13/2016 13:02,c1105c54-b975-486c-8606-9e0a80994541,Running,,7.19,43:26:00,6:03,9.93,511.9999997,111,136,,TomTom MySports Watch,2016-03-13-130238.gpx
3/7/2016 13:23,375d191f-2d90-4781-8223-a2a8146ca445,Running,,13.69,1:20:39,5:54,10.18,995,141,,,,2016-03-07-132344.gpx
2/28/2016 13:37,37908beb-2ae0-41e7-9554-3662d9beefec,Running,,13.48,1:19:28,5:54,10.18,941.9999995,183,144,,TomTom MySports Watch,2016-02-28-133746.gpx
2/21/2016 15:48,ba4a23cd-25ef-43ea-84c4-fb8c3c1e3b57,Running,,13.69,1:22:23,6:01,9.97,997,144,,,Cold and windy,2016-02-21-154848.gpx
2/18/2016 19:09,6b831381-6425-4a66-ada4-7f57f013ea05,Running,,6.92,39:25:00,5:42,10.54,472.9999997,67,141,,TomTom MySports Watch,2016-02-18-190901.gpx
2/15/2016 18:37,c41ee42c-c911-4367-8594-e86cffbec427,Running,,10.02,1:00:08,6:00,10,702.9999996,92,157,,TomTom MySports Watch,2016-02-15-183704.gpx
2/8/2016 18:09,09404e9f-88f0-4a78-8df8-e7a51c5246e0,Running,,6.81,41:18:00,6:04,9.89,488.9999997,68,165,,TomTom MySports Watch,2016-02-08-180903.gpx
2/4/2016 18:46,baed89f0-0754-4b54-a5cb-7959c39459c0,Running,,6.84,40:02:00,5:51,10.25,477.9999997,67,139,,TomTom MySports Watch,2016-02-04-184632.gpx
1/14/2016 18:40,f5f333b1-3453-4555-aafd-d19923d0b84e,Running,,7,41:18:00,5:54,10.17,486.9999997,70,142,,TomTom MySports Watch,2016-01-14-184008.gpx
12/27/2015 13:14,7c59b1da-9dfd-43df-8170-a0bc4ad2bdb6,Running,,13.53,1:16:48,5:41,10.57,921.9999995,185,152,,TomTom MySports Watch,2015-12-27-131459.gpx
12/23/2015 18:45,49f7059a-97c3-499e-9f42-85df1506aa90,Running,,10.12,59:02:00,5:50,10.29,692.9999996,95,158,,TomTom MySports Watch,2015-12-23-184503.gpx
12/21/2015 18:31,620a65d8-185f-40f4-8967-9ce068f02269,Running,,10.02,57:55:00,5:47,10.38,686.9999996,91,138,,TomTom MySports Watch,2015-12-21-183125.gpx
12/6/2015 12:54,2c3636ee-cb13-4f41-80c7-2373427859ac,Running,,13.77,1:18:04,5:40,10.58,1009,146,,,,2015-12-06-125429.gpx
11/17/2015 18:37,5996f583-c53c-4ef3-867e-76db1c54dd6d,Running,,10,58:32:00,5:51,10.25,687.9999996,93,140,,TomTom MySports Watch,2015-11-17-183711.gpx
11/9/2015 18:21,df774be0-d4a3-4104-a9e4-ee120e17bcba,Running,,10.72,55:01:00,5:40,10.6,658.9999996,89,131,,TomTom MySports Watch,2015-11-09-182131.gpx
11/2/2015 18:23,bd307ec2-4c6d-4be5-b7d1-d15fb11a7b9d,Running,,6.6,36:15:00,5:30,10.92,455.9999997,62,145,,TomTom MySports Watch,2015-11-02-182337.gpx
10/18/2015 15:43,340e4fd4-6817-4a03-b1af-7c2deb9768ae,Cycling,,16.67,1:08:46,4:08,14.54,427,166,,,,2015-10-18-154306.gpx
10/4/2015 10:15,2ff0ef92-5476-4321-8f24-49a6b92433f3,Running,,38.32,4:28:19,7:00,8.57,2587.999999,646,140,,TomTom MySports Watch,2015-10-04-101557.gpx
9/28/2015 18:21,16bb07d0-9417-428e-b30e-2e7286b2d25a,Running,,18.94,1:44:26,5:31,10.88,1300.999999,158,138,,TomTom MySports Watch,2015-09-28-182121.gpx
9/24/2015 18:28,949d5983-73ea-4a25-a589-87e0280b1b8e,Running,,10.43,51:16:00,5:26,11.03,649.9999996,77,138,,TomTom MySports Watch,2015-09-24-182814.gpx
9/21/2015 18:13,fc1187a9-6b18-4f14-b37a-ecb82a51e9d6,Running,,10.65,46:56:00,4:52,12.33,635.9999996,83,153,,TomTom MySports Watch,2015-09-21-181310.gpx
9/18/2015 18:39,3273b8d6-96a2-4162-99d4-5277ebe826ce,Running,,22.15,2:01:30,5:29,10.94,1543.999999,182,149,,TomTom MySports Watch,2015-09-18-183938.gpx
9/16/2015 17:59,249d96bc-0b86-4602-b6cf-6fa40cf5006f,Running,,19.35,1:46:38,5:31,10.89,1299.999999,303,146,,TomTom MySports Watch,2015-09-16-175937.gpx
9/13/2015 17:14,d9544e4a-4567-4a19-8bfe-4ef938d95a1c,Running,,23.95,2:23:03,5:58,10.04,1657.999999,390,140,,TomTom MySports Watch,2015-09-13-171413.gpx
9/9/2015 18:37,1977cad0-afd4-450c-9355-8aeabae10a7c,Running,,15.88,1:24:05,5:18,11.33,1101.999999,132,145,,TomTom MySports Watch,2015-09-09-183726.gpx
9/7/2015 18:47,e005376b-b79c-45de-8b2e-a924dd9aa3d8,Running,,15.62,1:22:49,5:18,11.32,1069.999999,241,144,,TomTom MySports Watch,2015-09-07-184706.gpx
9/3/2015 18:49,773f4ab1-e42e-4acb-b9ee-3e21f2283849,Running,,10.55,53:21:00,5:35,10.74,653.9999996,85,127,,TomTom MySports Watch,2015-09-03-184940.gpx
8/24/2015 17:21,0730fe8a-08a3-4d22-9728-60bdccc06124,Running,,28.14,2:46:07,5:54,10.17,1971.999999,518,138,,TomTom MySports Watch,2015-08-24-172148.gpx
8/23/2015 17:35,9f29e8bd-7885-43f5-bc86-fae947a5ab8a,Cycling,,35.09,1:32:58,2:39,22.64,786,336,,,,2015-08-23-173547.gpx
8/21/2015 18:18,2909eefe-b2da-4fa1-9136-1b273cf0b70e,Running,,12.48,1:08:30,5:29,10.93,853.9999995,102,151,,TomTom MySports Watch,2015-08-21-181837.gpx
8/16/2015 17:35,cb29be64-8750-4197-b7a7-21fb2c9f158d,Running,,26.01,2:33:13,5:54,10.18,1793.999999,436,136,,TomTom MySports Watch,2015-08-16-173523.gpx
8/15/2015 18:46,318bf8f5-6344-4f1e-8fb8-f52d7a38ebc1,Cycling,,13.72,38:39:00,2:49,21.3,313,139,,,,2015-08-15-184621.gpx
8/14/2015 17:44,c749a53c-be67-496f-8626-fb438382aab8,Running,,19.04,1:52:10,5:54,10.18,1315.999999,301,130,,TomTom MySports Watch,2015-08-14-174435.gpx
8/9/2015 16:29,632b4c1e-96ce-4e45-9d8e-945b64c8d912,Running,,18.58,1:48:49,5:51,10.25,1278.999999,285,138,,TomTom MySports Watch,2015-08-09-162948.gpx
8/3/2015 18:30,b1a19f5a-4cb7-479a-b8bc-60e3fb62f218,Running,,18.95,1:38:16,5:11,11.57,1298.999999,156,149,,TomTom MySports Watch,2015-08-03-183049.gpx
8/1/2015 18:40,fad4d129-7045-41f5-ad01-7043d9c5db12,Cycling,,18.79,56:41:00,3:01,19.88,430,195,,,,2015-08-01-184014.gpx
7/29/2015 18:14,47192c06-cc2b-4112-92a1-0c53f5afc344,Running,,0.76,5:15,6:55,8.67,53.99999997,6,133,,TomTom MySports Watch,2015-07-29-181434.gpx
7/26/2015 8:02,6e225b5e-08d0-46d0-bbb2-6f6fd3dec433,Running,,22.09,2:16:22,6:10,9.72,1557,372,142,,,2015-07-26-080236.gpx
7/24/2015 18:49,0998a635-1166-4d12-b143-56a922e05fd2,Running,,12.69,1:05:15,5:09,11.67,858,108,146,,,2015-07-24-184943.gpx
7/21/2015 18:22,0a903a48-5c63-461d-bddc-303e6c1e935f,Running,,12.66,1:08:07,5:23,11.15,867.9999995,109,138,,TomTom MySports Watch,2015-07-21-182238.gpx
7/19/2015 17:19,1e224c99-4090-4dea-aef4-2f519099fff5,Running,,23.88,2:27:32,6:11,9.71,1688,391,135,,,2015-07-19-171938.gpx
7/16/2015 18:32,ae62b3b8-f681-49b7-a7bf-464934bc9e33,Running,,9.57,45:28:00,4:45,12.63,628,77,148,,,2015-07-16-183218.gpx
7/14/2015 18:39,7d04c79d-fa1c-43d1-8786-1cffe6abbc5e,Running,,12.66,1:04:46,5:07,11.73,852,108,145,,,2015-07-14-183953.gpx
7/12/2015 18:14,8e08fa81-ec96-4811-8ac2-db1250c9cee1,Running,,19.04,1:51:58,5:53,10.2,1316,295,133,,,2015-07-12-181414.gpx
7/10/2015 18:35,17d24474-bead-48b6-b215-8f9a09f0e13d,Running,,19.02,1:34:06,4:57,12.13,1279,156,144,,,2015-07-10-183516.gpx
7/7/2015 18:39,cb393e1d-af41-4f89-a810-3e4963d307ee,Running,,10.55,48:59:00,5:08,11.7,650,88,143,,,2015-07-07-183938.gpx
7/5/2015 17:53,c0cb05cc-c1a5-4897-a685-cb8aa01b712d,Running,,19.7,1:52:23,5:42,10.52,1358,303,142,,,2015-07-05-175306.gpx
7/1/2015 18:16,3a85bdfa-776d-4282-b2c2-c36ca414a04e,Running,,18.83,1:34:34,5:01,11.95,1268,154,142,,,2015-07-01-181602.gpx
6/28/2015 17:39,bdbd37a8-9c4f-41c4-9e87-1980a096881c,Running,,19.81,1:55:57,5:51,10.25,1360,313,133,,,2015-06-28-173902.gpx
6/24/2015 18:27,f27bbf5b-e534-4328-b053-70a1f7fd3195,Running,,11.14,1:03:45,5:43,10.49,766,162,133,,,2015-06-24-182723.gpx
6/22/2015 18:19,2b3bb63b-e5b7-419e-9b53-744ce195fa83,Running,,18.84,1:41:17,5:22,11.16,1294,156,141,,,2015-06-22-181953.gpx
6/21/2015 17:53,ee566558-df2c-4874-8470-4c96bc16e11b,Cycling,,34.49,1:35:39,2:46,21.63,751,318,,,,2015-06-21-175346.gpx
6/17/2015 18:39,744827f5-674f-4ec6-9ffe-82866f2b021e,Running,,12.61,1:07:45,5:22,11.17,859,109,137,,,2015-06-17-183944.gpx
6/15/2015 18:27,c089d063-ac9b-4931-af17-3b6329f5954a,Running,,12.64,1:02:17,4:56,12.18,926,107,158,,,2015-06-15-182700.gpx
6/14/2015 17:03,bf89325d-987a-4421-903f-eba2022ec226,Cycling,,28.49,1:20:47,2:50,21.16,621,294,,,,2015-06-14-170323.gpx
6/12/2015 18:27,92d68e43-b394-4a2e-be6a-49074f30a793,Running,,12.63,1:02:18,4:56,12.16,855,107,154,,,2015-06-12-182752.gpx
6/10/2015 18:14,791454fb-a749-47c1-9913-f72aeb7fe000,Running,,14.35,1:21:05,5:39,10.62,986,226,136,,,2015-06-10-181403.gpx
6/8/2015 18:18,d77c5897-a8f2-41a0-82d4-210315a0b17c,Running,,10.6,44:45:00,4:40,12.88,626,85,161,,,2015-06-08-181818.gpx
6/7/2015 16:51,4ca793f5-809f-4659-98a4-01bbd63f8d07,Running,,13.01,1:13:07,5:37,10.68,876,193,147,,,2015-06-07-165114.gpx
6/6/2015 18:30,04538557-0367-48ee-bcfd-e6c0a16568a8,Cycling,,18.96,1:19:02,4:10,14.39,510,123,,,,2015-06-06-183039.gpx
6/4/2015 18:15,5fe00119-e51b-48c6-a3e3-f6d75374df67,Running,,15.97,1:23:18,5:13,11.5,1097,135,141,,,2015-06-04-181545.gpx
6/1/2015 17:40,d2ec6e32-2140-4860-ac6b-3eb7b5923e44,Running,,11.85,1:04:46,5:28,10.98,810,180,145,,,2015-06-01-174042.gpx
5/31/2015 4:02,3ea58a0a-a2c8-4e8f-8e27-ac86ccbd2eb2,Cycling,,29.4,2:35:00,5:16,11.38,710,58,,,,2015-05-31-040200.gpx
5/29/2015 18:45,748d5149-2314-4bd0-8528-59d7e7ffee1d,Running,,10.73,46:22:00,4:46,12.59,636,84,150,,,2015-05-29-184522.gpx
5/27/2015 18:19,9ef5388f-c3af-4bd0-8c4c-437f1255eb99,Running,,12.8,1:03:46,4:59,12.05,859,108,150,,,2015-05-27-181922.gpx
5/23/2015 19:07,b685d6f3-056b-49a7-9599-8aa7a4a0248e,Cycling,,13.65,43:06:00,3:09,19,332,144,124,,,2015-05-23-190740.gpx
5/21/2015 18:45,98e685ee-8f60-49ef-93e5-028ce01520ba,Running,,10.54,45:19:00,4:45,12.64,624,82,147,,,2015-05-21-184551.gpx
5/19/2015 18:48,21c55ade-208e-4525-893f-07b152dd7799,Running,,12.73,1:02:30,4:55,12.22,859,109,134,,,2015-05-19-184836.gpx
5/17/2015 17:33,396f0254-c9ca-4ac5-bf6d-e176f6e5a2a1,Running,,10.64,48:27:00,5:02,11.94,642,85,150,,,2015-05-17-173315.gpx
5/13/2015 18:39,edd6a664-91fa-4978-9a3d-a9a9e97da0cb,Running,,12.71,1:09:15,5:27,11.01,875,108,158,,,2015-05-13-183934.gpx
5/11/2015 18:39,54793068-82e4-4c34-9be0-c50c8067d195,Running,,10.61,48:38:00,5:04,11.86,653,91,158,,,2015-05-11-183902.gpx
5/6/2015 18:18,295df484-190b-4ca4-a39f-99d3793cbcff,Running,,12.83,1:07:10,5:14,11.46,880,107,142,,,2015-05-06-181849.gpx
5/2/2015 18:48,993ca426-7e01-48eb-9b50-1bc32ee4a239,Running,,7.39,43:11:00,5:50,10.27,509,162,165,,,2015-05-02-184803.gpx
5/1/2015 18:05,7bd07c52-14d5-4c06-98aa-1b84e0a14127,Cycling,,11.41,42:39:00,3:44,16.06,282,132,125,,,2015-05-01-180538.gpx
4/26/2015 9:03,570f915e-613f-40eb-b537-219bbeab5ab1,Running,,21.12,1:38:42,4:40,12.84,1381,982,170,,,2015-04-26-090315.gpx
4/23/2015 18:48,9a7a2e67-0935-444c-967f-da900632f1d5,Running,,6.87,37:32:00,5:28,10.97,493,81,,,,2015-04-23-184837.gpx
4/15/2015 18:38,bb763b6b-6395-4684-b53f-5e671822f748,Running,,12.68,1:05:47,5:11,11.56,869,110,141,,,2015-04-15-183843.gpx
4/13/2015 16:57,f1b5dd21-9053-4340-b265-a074659a5dfe,Running,,18.06,1:53:38,6:17,9.54,1240,228,140,,,2015-04-13-165726.gpx
4/7/2015 18:33,32025da2-62c6-48d4-8ae7-3b2c72170928,Running,,15.79,1:22:37,5:14,11.46,1090,135,152,,,2015-04-07-183321.gpx
4/2/2015 18:50,e25f6a16-dad0-46b0-9bfb-1f1dcaa2b329,Running,,12.83,1:06:28,5:11,11.58,873,106,146,,,2015-04-02-185023.gpx
3/30/2015 18:10,d6b9e271-eaaa-4d22-ad7d-518fee325c62,Running,,5.73,30:12:00,5:17,11.37,395,50,123,,,2015-03-30-181003.gpx
3/25/2015 18:40,ba09e7d3-8123-4307-b3d9-17f9d93d95ee,Running,,10.73,55:12:00,5:40,10.58,660,84,131,,,2015-03-25-184019.gpx
3/16/2015 18:23,760c4a61-d435-47ca-a787-005202a803df,Running,,16.15,1:26:37,5:22,11.19,1118,133,131,,,2015-03-16-182338.gpx
3/11/2015 18:21,b40900ba-56b7-45cf-b8cf-73f70f43fa19,Running,,15.91,1:28:23,5:33,10.8,1082,136,140,,,2015-03-11-182126.gpx
3/6/2015 18:44,b7397558-85ae-4da5-9405-e36ccf729442,Running,,12.81,1:06:04,5:09,11.63,868,106,172,,,2015-03-06-184458.gpx
3/4/2015 19:00,029102b9-7b7d-40f9-a78d-4f42b9c618e2,Running,,10.25,58:27:00,5:42,10.52,691,90,125,,,2015-03-04-190017.gpx
3/2/2015 18:15,c5cf3852-76aa-44f0-bd03-eacb5ecd20e9,Running,,15.99,1:31:46,5:44,10.46,1079,128,154,,,2015-03-02-181536.gpx
2/28/2015 9:11,85adaf46-27e4-4ec3-a86f-1129e21e5f38,Running,,3.5,20:19,5:48,10.34,238,33,116,,,2015-02-28-091109.gpx
2/25/2015 18:18,bc2a7d16-5d71-4f3f-8534-7ac87e0010a6,Running,,9.78,54:08:00,5:32,10.84,661,87,144,,,2015-02-25-181841.gpx
2/23/2015 18:14,3f3231db-0394-4c84-811e-116c9d12a6c6,Running,,12.84,1:10:50,5:31,10.88,883,105,141,,,2015-02-23-181409.gpx
2/17/2015 18:34,c8ac7ae5-1a85-4057-813b-29d1bf7a2c54,Running,,10.86,55:53:00,5:40,10.58,707,60,,,,2015-02-17-183453.gpx
2/12/2015 18:22,2c5f4777-b55a-43b2-82f3-d633c19bbdc8,Running,,6.75,36:25:00,5:24,11.12,485,42,,,,2015-02-12-182244.gpx
2/9/2015 18:40,b76fc1f0-9f7d-49d0-a99f-d7305ba859c2,Running,,10.94,55:22:00,5:34,10.77,723.2083999,61,,,,2015-02-09-184018.gpx
2/4/2015 18:31,40d23e37-2a9f-4956-900c-23bb1f721ce5,Running,,10.23,55:10:00,5:24,11.12,652,59,,,,2015-02-04-183110.gpx
2/2/2015 18:31,9cb617f8-0380-47c0-8c73-08f699684c24,Running,,9.91,58:57:00,5:57,10.08,725.2215765,259,,,,2015-02-02-183100.gpx
1/31/2015 9:30,cdd5299e-788a-4eba-afb0-99eb7ee1a2d0,Running,,6.55,40:01:00,6:06,9.83,436,37,,,,2015-01-31-093004.gpx
1/28/2015 18:43,22b8c0e9-c1f2-49ac-8fa2-aaa44e183d54,Running,,10.02,55:13:00,5:31,10.89,726.1767039,61,,,,2015-01-28-184329.gpx
1/26/2015 18:30,ae5b3a84-3ea6-455c-a941-d010153f9a4e,Running,,13.11,1:14:30,5:41,10.55,960.6966401,76,,,,2015-01-26-183018.gpx
1/14/2015 17:50,52dc197c-1cb1-4cb2-b1a5-d514b42a206e,Running,,9.78,52:45:00,5:24,11.12,654,51,,,,2015-01-14-175000.gpx
1/12/2015 18:20,27a1e74e-531f-42b5-90fc-a0b12de12031,Running,,9.78,51:45:00,5:18,11.34,655,51,,,,2015-01-12-182000.gpx
1/3/2015 17:20,51b58a2c-c40f-4eaa-9e10-dd600b4fba4f,Running,,9.78,52:45:00,5:24,11.12,654,51,,,,2015-01-03-172000.gpx
12/26/2014 17:50,14766461-48ab-47cc-8039-0930953e02f6,Running,,10.78,49:45:00,5:05,11.79,655,51,,,,2014-12-26-175000.gpx
12/24/2014 18:18,41b6ea5b-d428-4cc1-a27d-e0de92b2ec9c,Running,,6.59,32:00:00,4:51,12.35,461,33,,,,2014-12-24-181800.gpx
12/8/2014 16:18,48eebce4-1d5f-4700-856d-754f24292b2e,Running,,6.63,32:00:00,4:49,12.44,431,33,,,,2014-12-08-161800.gpx
12/3/2014 18:18,c61a98ea-d68f-4604-a35b-d5d42235250b,Running,,6.63,32:00:00,4:49,12.44,431,33,,,,2014-12-03-181800.gpx
12/1/2014 18:18,6a6d8b25-79d0-4ceb-8f89-8ed7688f80dd,Running,,6.63,32:00:00,4:49,12.44,429,33,,,,2014-12-01-181800.gpx
11/25/2014 17:50,d6574cc9-2e03-4d1c-a0f8-e3fe8090e8c5,Running,,9.78,51:45:00,5:18,11.34,655,51,,,,2014-11-25-175000.gpx
11/19/2014 18:18,04dd1189-d5cb-4ce2-ba31-0189ad5f673a,Running,,6.22,31:00:00,4:59,12.03,446,33,,,,2014-11-19-181800.gpx
11/11/2014 15:50,5dd88a5b-a923-4d7b-81fc-ffcb94473cc6,Running,,10.78,49:45:00,5:05,11.79,655,51,,,,2014-11-11-155000.gpx
11/4/2014 18:18,5a5804c3-ea87-4b47-92bb-c0f8e9f67419,Running,,6.22,32:00:00,5:09,11.66,445,33,,,,2014-11-04-181800.gpx
10/30/2014 17:50,99a90af9-50d0-46e0-aa9d-98d57fac335b,Running,,9.78,49:45:00,5:05,11.79,658,51,,,,2014-10-30-175000.gpx
10/27/2014 18:30,1e0bd31f-8aa0-4c22-9192-2bf32089855e,Running,,12.98,1:05:45,5:04,11.85,888,67,,,,2014-10-27-183000.gpx
10/22/2014 17:50,628b90a0-6cae-4dfe-9981-416e85fa5477,Running,,9.61,49:45:00,5:10,11.59,670,54,,,,2014-10-22-175000.gpx
10/20/2014 18:10,bc53fc84-3a38-4dca-bfb9-0fa3548ec398,Running,,9.61,51:17:00,5:20,11.25,672,54,,,,2014-10-20-181000.gpx
10/14/2014 18:10,26ce3134-3ff1-4546-9f1b-bcc3ff528e89,Running,,12.82,1:02:45,4:54,12.26,913,70,,,,2014-10-14-181000.gpx
10/9/2014 18:10,df510a68-0447-4ca6-ade8-d558cd700e76,Running,,9.61,52:17:00,5:26,11.03,677,54,,,,2014-10-09-181000.gpx
10/7/2014 19:10,85a66cf6-c96c-49dd-b8a0-23b56b771ff7,Running,,9.61,49:17:00,5:08,11.7,679,54,,,,2014-10-07-191000.gpx
9/28/2014 10:01,8e3e4cb5-9044-4948-a95b-8dec52112fc6,Running,,21.32,1:45:27,4:57,12.13,1633,447,,,,2014-09-28-100130.gpx
9/23/2014 18:10,37280fb2-6f9d-434b-a96e-7a55bc762680,Running,,12.82,1:02:45,4:54,12.26,921,70,,,,2014-09-23-181000.gpx
9/18/2014 18:12,560f5bd3-956a-44b3-961f-cf243d71286b,Running,,19.19,1:42:03,5:19,11.29,1353,111,,,,2014-09-18-181200.gpx
9/15/2014 18:30,a2306eac-c313-4abd-a653-e62bb74f9e3b,Running,,9.55,48:54:00,5:07,11.72,684,51,,,,2014-09-15-183000.gpx
9/11/2014 19:10,46be3354-011e-4fc3-8b54-3b78e4f9ea2c,Running,,10.61,48:22:00,5:02,11.93,682,54,,,,2014-09-11-191000.gpx
9/8/2014 18:00,8fdbb114-946e-4760-b7bc-ebc94c7a2bb4,Running,,19.19,1:42:03,5:19,11.29,1356,111,,,,2014-09-08-180000.gpx
9/4/2014 18:55,1c1779d8-5020-4bb9-b0ad-1e1f886afd46,Running,,9.61,50:22:00,5:14,11.45,690,54,,,,2014-09-04-185554.gpx
9/1/2014 18:46,4e983ab7-2e8d-4c1f-8e08-268304b395e6,Running,,15.59,1:23:41,5:22,11.18,1125,110,,,,2014-09-01-184600.gpx
8/29/2014 18:56,800c94a1-551e-408e-8282-ae9bb8d3ddd3,Cycling,,20.7,1:00:37,2:56,20.49,519,113,,,,2014-08-29-185602.gpx
8/28/2014 18:10,9642232e-00a5-4e7d-8a92-a8766a7b5b01,Running,,12.82,1:05:45,5:08,11.7,920,70,,,,2014-08-28-181000.gpx
8/26/2014 18:16,1cdfd12b-09c4-4b95-a0da-45b53b8129ac,Running,,16.06,1:21:39,5:05,11.8,1151,89,,,,2014-08-26-181603.gpx
8/21/2014 18:49,8f3de547-78e3-4d6c-a467-1705d536129b,Running,,10.55,53:54:00,5:39,10.63,684,51,,,,2014-08-21-184900.gpx
8/18/2014 18:37,5284fd7d-9fde-46b7-9f63-c0645dfa07ef,Running,,12.82,1:05:44,5:08,11.7,920,70,,,,2014-08-18-183700.gpx
8/12/2014 18:50,b4f32f79-e995-4610-b584-932134dac4c4,Running,,9.55,53:54:00,5:39,10.63,684,51,,,HOT!,2014-08-12-185000.gpx
8/8/2014 8:00,f9fe4f45-6f49-4b73-8336-c98413b25ac5,Running,,10.82,50:20:00,5:08,11.7,703,62,,,,2014-08-08-080016.gpx
7/25/2014 18:35,779e140d-38cb-49e5-b340-ee0db1b9a3eb,Running,,13.17,1:05:08,4:57,12.13,925,83,,,,2014-07-25-183500.gpx
7/22/2014 18:08,3faa84dd-552a-46b5-a2c8-b0a87123be2a,Running,,12.75,59:41:00,4:41,12.81,889,71,,,,2014-07-22-180800.gpx
7/17/2014 18:30,e89d7bfb-2e0d-4274-987f-eaa56f06e1e2,Running,,9.55,53:54:00,5:39,10.63,684,51,,,"It was not easy, as it was +29 Celcius",2014-07-17-183000.gpx
7/10/2014 18:45,47833e3a-1049-4fc9-97f1-e3a41cf1a722,Running,,12.75,1:00:41,4:46,12.6,884,71,,,"It was raining heavily, which was absolute fun to run that distance",2014-07-10-184500.gpx
7/2/2014 18:31,0fcef878-d446-45cf-aec2-61bd86740501,Running,,12.75,1:02:41,4:55,12.2,888,71,,,,2014-07-02-183100.gpx
6/24/2014 18:12,93c308f7-14b5-4f27-b030-7d44e223cd54,Running,,16.21,1:21:46,5:03,11.89,1145,85,,,,2014-06-24-181200.gpx
6/18/2014 18:29,1da0fc26-5121-4528-a25d-be8e6897b047,Running,,16.21,1:21:46,5:03,11.89,1145,85,,,,2014-06-18-182900.gpx
6/11/2014 18:08,8a7f85e2-f89f-4fed-93c3-a5c50779d32f,Running,,12.75,1:02:41,4:55,12.2,895,71,,,,2014-06-11-180800.gpx
6/4/2014 18:07,0f94765c-b3ea-4400-9dbf-3f6aa534b94b,Running,,16.17,1:20:57,5:00,11.98,1146,93,,,,2014-06-04-180739.gpx
5/26/2014 18:30,094db0ab-834e-41e2-89c5-162f88297e35,Running,,10.55,53:54:00,5:39,10.63,684,51,,,,2014-05-26-183000.gpx
5/21/2014 18:45,3ed219e7-77f6-4981-920b-b19d3246e26b,Running,,12.75,1:01:41,4:50,12.4,893,71,,,,2014-05-21-184500.gpx
5/19/2014 18:15,0a3dbdc0-61ef-48f2-9493-f1bd09a77ca4,Running,,12.75,1:03:01,4:57,12.14,895,71,,,,2014-05-19-181500.gpx
5/17/2014 7:50,faf85ff4-89f1-4f2d-bd73-0194b745deba,Running,,9.56,35:23:00,5:24,11.12,470,36,,,,2014-05-17-075000.gpx
5/14/2014 18:09,a9560e7b-7e4a-453c-a2ae-04752f26076b,Running,,13.17,1:05:08,4:57,12.13,930,84,,,,2014-05-14-180911.gpx
5/12/2014 18:06,07034064-71cd-449e-9e4e-04320cc46555,Running,,12.63,1:01:22,4:51,12.35,906,69,,,,2014-05-12-180622.gpx
5/6/2014 18:32,cbe17784-1222-446e-9101-86212817b116,Running,,12.85,1:05:41,5:07,11.74,903,71,,,,2014-05-06-183200.gpx
5/2/2014 18:47,18a3a5a6-69e6-435f-8d5b-1e80640fa7b3,Running,,7.08,37:56:00,5:21,11.2,537,127,,,,2014-05-02-184702.gpx
4/27/2014 10:00,a0c970d4-cfa5-4db9-8532-8e6d5b43d06f,Running,,21.73,1:46:38,4:54,12.23,1543,22,,,,2014-04-27-100000.gpx
4/21/2014 19:08,03b72419-2aeb-40ce-afb5-70f5ca298984,Running,,12.75,59:41:00,4:41,12.81,908,71,,,,2014-04-21-190829.gpx
4/16/2014 18:22,ae983e43-fdbe-499c-bc11-67fa63fdc1fe,Running,,19.08,1:35:03,4:59,12.04,1361,111,,,,2014-04-16-182223.gpx
4/14/2014 18:19,f32f311f-1a02-44c3-8bc8-efbcd2f33aef,Running,,12.83,1:04:32,5:02,11.92,891,71,,,,2014-04-14-181940.gpx
4/9/2014 18:29,dd153376-3f4d-4b58-83d8-5e2a50773288,Running,,16.21,1:21:45,5:03,11.9,1145,85,,,,2014-04-09-182904.gpx
4/7/2014 18:28,9e71740b-bdeb-44d0-987f-12bf6d5a43b9,Running,,12.57,1:04:09,5:06,11.75,901,73,,,,2014-04-07-182842.gpx
4/2/2014 18:30,a189ac9e-f156-4e0a-9227-6c3c5907ae87,Running,,12.47,1:04:33,5:11,11.59,895,69,,,,2014-04-02-183000.gpx
4/2/2014 18:18,2a58f421-94a3-4e02-a4af-cf5e1fc25c9c,Running,,9.22,32:00:00,5:09,11.65,446,33,,,,2014-04-02-181843.gpx
3/24/2014 18:56,1f2a8c46-872a-4edd-9055-95fcc0457be5,Running,,6.32,36:30:00,5:47,10.39,455,36,,,,2014-03-24-185612.gpx
3/20/2014 18:49,54b15891-50ae-4885-a415-3924557d5e21,Running,,10.55,53:54:00,5:39,10.63,684,51,,,,2014-03-20-184911.gpx
3/18/2014 18:49,920faab9-c2bf-46c0-8180-8a7039d43e9d,Running,,9.71,57:20:00,5:55,10.15,672,53,,,,2014-03-18-184939.gpx
3/13/2014 18:41,f9aa0165-eb95-414e-bde5-9b26aa006347,Running,,8.62,51:36:00,5:59,10.02,613,48,,,,2014-03-13-184149.gpx
3/11/2014 19:14,05a608e9-0ca9-4250-9a3c-2c8b3d8965d6,Running,,6.35,36:54:00,5:49,10.33,455,34,,,,2014-03-11-191415.gpx
3/4/2014 18:45,7e0966e7-e843-4a6f-a0a7-4b323a69b526,Running,,9.45,53:34:00,5:40,10.58,677,52,,,,2014-03-04-184509.gpx
2/28/2014 18:34,031d04da-435b-4b17-a27f-233242290f13,Running,,6.34,36:02:00,5:41,10.56,454,32,,,,2014-02-28-183412.gpx
2/25/2014 18:23,271e28ad-4f6f-4710-9973-07fb70ac4d42,Running,,6.33,36:09:00,5:43,10.51,454,35,,,,2014-02-25-182339.gpx
2/19/2014 18:40,16aafe53-0259-43f3-a5b6-7c7ffea90e52,Running,,9.38,36:10:00,5:40,10.58,458,34,,,,2014-02-19-184000.gpx
2/15/2014 8:55,9d8d9396-b49a-439d-a31d-c300bcd7b621,Running,,10.29,34:34:00,5:30,10.91,449,35,,,,2014-02-15-085515.gpx
2/13/2014 18:08,e8c1276e-5ecd-4b6f-bc06-72bab7efcc29,Running,,7.38,38:00:00,5:57,10.08,458,34,,,,2014-02-13-180801.gpx
2/6/2014 6:32,d2db35ca-1373-45d5-a1ef-a88d5aba63ad,Running,,6.56,42:23:00,6:28,9.29,474,36,,,,2014-02-06-063200.gpx
1/7/2014 18:13,0bb7d5c0-9f1e-4c7c-9842-29ae605e3204,Running,,10.81,1:01:31,5:42,10.54,774,56,,,,2014-01-07-181304.gpx
1/2/2014 9:45,e721a5b1-59ab-4e99-851c-cbc9eee2009f,Running,,3.38,18:10,5:23,11.16,241,16,,,,2014-01-02-094505.gpx
12/31/2013 8:32,e42c97c6-742c-4065-aad3-1c82477af7d0,Running,,7.57,36:02:00,5:29,10.93,471,36,,,,2013-12-31-083235.gpx
12/23/2013 18:59,806866ca-023b-4c68-98ff-17af1d765e2f,Running,,10.5,54:08:00,5:42,10.53,676,52,,,,2013-12-23-185900.gpx
12/21/2013 7:39,40fa8105-04cd-491a-a4f6-e32ed2849436,Running,,6.34,36:02:00,5:41,10.56,454,33,,,,2013-12-21-073948.gpx
12/19/2013 18:58,9627ce3e-458a-4cb8-b3f0-64d6b71dee2e,Running,,9.5,53:06:00,5:35,10.73,679,52,,,,2013-12-19-185842.gpx
12/7/2013 9:15,cb9e2c89-18ae-49b3-a028-d17748326a8c,Running,,6.3,34:59:00,5:33,10.8,452,35,,,,2013-12-07-091500.gpx
12/4/2013 18:36,0a1d041d-9ea5-438a-a2df-dcac74a33116,Running,,12.48,1:10:42,5:40,10.59,896,69,,,,2013-12-04-183622.gpx
11/30/2013 9:06,07f223e5-b7d2-49b6-b6b1-94b816cef1ac,Running,,9.33,34:24:00,5:26,11.03,451,35,,,,2013-11-30-090601.gpx
11/20/2013 18:18,40dd6d44-18d2-4f89-bc34-e1360590b89e,Running,,11.73,1:06:41,5:41,10.55,840,63,,,,2013-11-20-181812.gpx
11/16/2013 9:00,14e9f43f-6868-41dc-9c87-48b4206330fd,Running,,6.15,32:46:00,5:20,11.26,424,21,,,,
11/7/2013 19:00,0bf65ae6-1658-4bc2-9971-5dc20ac44eb0,Running,,10.47,50:07:00,5:18,11.33,679,53,,,,2013-11-07-190059.gpx
11/2/2013 9:15,36627858-ea69-40e5-9ed5-689e38e980cd,Running,,3.14,18:23,5:51,10.25,226,18,,,,2013-11-02-091518.gpx
10/30/2013 18:42,4d8f1e78-73bb-4cac-9ce7-6167fbca9da9,Running,,5.81,33:12:00,5:43,10.49,413,32,,,,2013-10-30-184216.gpx
10/23/2013 18:51,929e7c6a-ef2f-44d1-b4a9-d0159e5aa618,Running,,10.33,35:41:00,5:40,10.59,453,35,,,,2013-10-23-185135.gpx
10/18/2013 18:07,eb690f23-7d74-4d07-853f-58a8a3872f19,Running,,12.53,1:09:46,5:34,10.77,897,74,,,,2013-10-18-180756.gpx
10/15/2013 18:28,9aef5085-2cab-4872-8797-85794667ba23,Running,,8.57,49:35:00,5:47,10.37,616,45,,,,2013-10-15-182814.gpx
10/12/2013 9:36,2c71d785-7846-47f1-81f0-55ea80e6e22c,Running,,9.36,34:21:00,5:24,11.11,455,35,,,,2013-10-12-093600.gpx
10/10/2013 18:08,178f39db-9acd-4833-b57c-851fb430e5d4,Running,,10.34,50:21:00,5:24,11.12,669,52,,,,2013-10-10-180808.gpx
10/5/2013 7:36,981fe91d-aa68-4bb8-8009-71e62dbe5d34,Running,,6.36,34:21:00,5:24,11.1,455,35,,,,2013-10-05-073647.gpx
9/30/2013 18:50,f50f24f1-b79e-4bf3-8dfc-6b43d46f385f,Running,,6.45,32:41:00,5:04,11.84,462,34,,,,2013-09-30-185038.gpx
9/10/2013 18:13,f696092e-4359-44fb-9544-da83ddbfc1c4,Running,,12.72,1:01:54,4:52,12.33,1018,398,,,,2013-09-10-181342.gpx
9/2/2013 19:10,42adb02c-8d84-43fc-9612-0a7e0b4256a5,Running,,6.41,32:23:00,5:03,11.88,458,34,,,,2013-09-02-191044.gpx
8/17/2013 8:09,7f7de28d-ae25-47e7-b018-bb2e903d98b2,Running,,6.45,31:22:00,4:52,12.32,449,30,,,,2013-08-17-080912.gpx
8/15/2013 18:49,666cbe78-b3d5-4bbb-8a22-2717507d32c2,Walking,,2.48,2:23:46,57:56:00,1.04,306,67,,,,2013-08-15-184950.gpx
8/14/2013 18:17,fcd7295f-2a3d-4d55-bcf3-6916c9ecf699,Running,,15.61,1:25:55,5:30,10.9,1121,88,,,,2013-08-14-181700.gpx
8/8/2013 18:30,00f40213-297d-44f0-8311-a6254ac6fa4f,Running,,12.47,1:06:33,5:20,11.24,891,61,,,,2013-08-08-183036.gpx
8/8/2013 7:56,9ea3ec6e-48fa-417f-8bdf-2b197e19f5d4,Walking,,1.51,15:24,10:11,5.89,85,6,,,,2013-08-08-075608.gpx
8/4/2013 8:27,7ed0a8cb-0253-4ee4-aa39-3e2c444121ce,Running,,12.49,1:06:24,5:19,11.29,896,68,,,,2013-08-04-082754.gpx
7/30/2013 18:49,e62b5ac5-e900-4c30-9f93-5f6a11da04f8,Running,,12.47,1:05:43,5:16,11.39,893,67,,,,2013-07-30-184922.gpx
7/21/2013 7:57,924ee968-8f2c-47d9-a005-dbc732966fab,Running,,11.87,1:00:37,5:07,11.74,845,64,,,,2013-07-21-075730.gpx
7/19/2013 18:40,0547ce8b-c7c8-40b6-bb71-feff6298c5be,Running,,1.72,8:33,4:58,12.07,40,6,,,,2013-07-19-184013.gpx
7/18/2013 7:47,1eb83982-20b9-494a-954c-ed4152f01273,Running,,6.15,32:36:00,5:18,11.33,416,30,,,,2013-07-18-074700.gpx
7/7/2013 8:43,f85d8da1-0d59-4b30-bc5a-fce86874b167,Running,,3.75,21:36,5:46,10.41,281,56,,,,2013-07-07-084313.gpx
7/6/2013 7:15,8de39009-9e2e-44ce-ad83-eb129f896e61,Running,,3.75,21:12,5:39,10.61,280,55,,,,2013-07-06-071500.gpx
7/5/2013 8:01,a1f6c8f6-f85f-454e-8c2a-6946404f9d2a,Running,,3.75,21:10,5:39,10.63,280,55,,,,2013-07-05-080100.gpx
7/3/2013 7:20,e4d4f094-e32e-4518-8119-742667e662c4,Running,,3.75,21:55,5:51,10.26,281,55,,,,2013-07-03-072000.gpx
7/2/2013 7:43,0e41b390-7317-4d7f-9e0e-b1db01825f31,Running,,3.75,21:40,5:47,10.38,281,55,,,,2013-07-02-074300.gpx
7/1/2013 7:09,fbd264b0-ca3a-4af0-97a8-36ef4fd84db7,Running,,3.75,21:10,5:39,10.63,262,0,,,,
6/26/2013 18:19,64178ec8-556d-4d95-a2b3-249441e33199,Running,,16,1:06:49,4:11,14.37,1101,0,,,,
6/22/2013 8:05,3dbd78e7-44eb-4dd9-9bc6-f2c94ff1acc9,Running,,10.23,32:25:00,5:12,11.52,446,35,,,,2013-06-22-080520.gpx
6/15/2013 8:44,6ada32e6-e73f-44a2-a4d5-bf6fd194986e,Running,,10.37,29:53:00,4:41,12.79,417,36,,,,2013-06-15-084427.gpx
6/12/2013 18:21,d5ce4d6e-3607-4eab-bae6-35beb7c2f4da,Running,,16.59,1:09:29,4:11,14.32,963,77,,,,2013-06-12-182140.gpx
6/8/2013 7:45,b144b295-a4a7-4065-b9f1-0cf24dcf378e,Running,,10.35,33:51:00,5:20,11.24,455,36,,,,2013-06-08-074508.gpx
6/3/2013 7:04,d091607e-10a2-467a-93d6-f2c54d47a0d9,Walking,,1.33,11:59,9:03,6.63,76,5,,,,2013-06-03-070459.gpx
6/1/2013 7:24,45431395-0b88-4709-9477-22ddc6333f71,Running,,12.57,1:06:30,5:18,11.33,898,67,,,,2013-06-01-072407.gpx
5/28/2013 7:16,8f49ef93-f404-4abe-9925-adf9cd7a330e,Running,,9.5,24:17:00,3:44,16.05,361,30,,,,2013-05-28-071632.gpx
5/21/2013 18:45,ff3611e3-eb35-4a44-bafa-4a8696fcf8aa,Running,,11.63,1:00:35,5:12,11.52,833,63,,,,2013-05-21-184538.gpx
5/11/2013 8:06,4c1d24a6-fd63-46b3-8379-16fc55a506a9,Running,,6.15,31:38:00,5:08,11.67,420,32,,,,2013-05-11-080642.gpx
5/9/2013 17:24,b22dfd09-a8df-4796-86e4-e4d00ca151f6,Cycling,,15.47,38:08:00,2:28,24.33,339,88,,,,2013-05-09-172419.gpx
5/9/2013 9:20,17f6a5bb-983c-4207-8cbe-9e3fc66e99fb,Running,,6.53,40:00:00,6:08,9.79,430,0,,,,
5/5/2013 14:26,4370c545-ff6f-4829-967d-b0dbd0b54798,Cycling,,20.3,1:06:29,3:17,18.31,498,97,,,,2013-05-05-142637.gpx
5/5/2013 9:13,23fdde24-02f1-4e54-9e0a-f05db884dc5b,Running,,6.41,33:58:00,5:18,11.33,454,34,,,,2013-05-05-091302.gpx
5/4/2013 8:47,1f942355-8c6a-4ef4-87fd-36a1e99f5a3f,Running,,3.15,16:35,5:16,11.38,225,16,,,,2013-05-04-084751.gpx
5/2/2013 8:36,0b4fc38b-5a1d-4b1f-887c-e643f5cb5624,Running,,9.21,32:51:00,5:18,11.33,445,36,,,,2013-05-02-083630.gpx
5/1/2013 8:14,911ec4f7-a0ec-4385-971d-d5c63fba60de,Running,,10.22,32:29:00,5:13,11.48,446,34,,,,2013-05-01-081459.gpx
4/29/2013 18:48,f157d4ff-bbf3-47e9-b07c-58f692ef9e6f,Walking,,1.37,22:39,16:30,3.64,95,10,,,,2013-04-29-184830.gpx
4/29/2013 13:10,313fbef4-deeb-4da5-b1b2-ecee74cba0f6,Walking,,3.83,38:30:00,10:04,5.96,255,25,,,,2013-04-29-131014.gpx
4/28/2013 17:26,ea228333-1dc2-4798-90e6-d4b7aa93545c,Cycling,,13.87,48:27:00,3:30,17.17,341,133,,,,2013-04-28-172652.gpx
4/28/2013 10:56,7f6060d2-2bed-4370-8baa-c2c74164ec2d,Walking,,1.32,13:48,10:30,5.72,67,5,,,,2013-04-28-105647.gpx
4/28/2013 9:02,cec17320-57d8-411b-af44-10f6f769b89b,Running,,3.12,16:36,5:19,11.28,224,17,,,,2013-04-28-090223.gpx
4/24/2013 18:31,75670af6-0184-4f69-9df5-40020f998a66,Running,,10.25,29:29:00,4:43,12.71,399,33,,,,2013-04-24-183102.gpx
4/18/2013 21:48,71e7c467-b916-4c78-870e-bdd2d1d2d03b,Walking,,1.5,24:41:00,16:28,3.64,86,9,,,,2013-04-18-214844.gpx
4/17/2013 19:27,3d9dd7e0-dbbe-4eaa-9419-66c80a795702,Running,,9.48,32:49:00,5:04,11.84,452,37,,,,2013-04-17-192715.gpx
4/13/2013 8:51,2c971ecf-efdd-4a3d-be67-ba249aa5557a,Running,,10.34,33:02:00,5:13,11.51,454,33,,,,2013-04-13-085129.gpx
3/20/2013 18:49,4f96c2a3-06f9-4061-9691-ed17e73bc918,Running,,7.04,40:12:00,5:43,10.5,490,0,,,,2013-03-20-184959.gpx
3/13/2013 18:59,7b7594d4-8fd9-4dec-b8a8-ce1ac7cd0e6c,Running,,8.41,37:48:00,5:54,10.17,461,35,,,,2013-03-13-185951.gpx
3/11/2013 18:27,fa653f20-dd82-443d-99b9-c1d5cac5755d,Walking,,1.86,16:39,8:56,6.72,116,16,,,,2013-03-11-182756.gpx
2/28/2013 18:46,390a66d3-5bce-4af5-acdc-38d4ebf58963,Running,,10.3,1:02:36,6:05,9.87,739,67,,,,2013-02-28-184654.gpx
2/26/2013 18:37,3c4a82e7-36bb-40cd-b5d4-0ab611b0987f,Running,,9.53,54:44:00,5:45,10.45,683,52,,,,2013-02-26-183702.gpx
2/22/2013 19:23,df659987-77a5-4c7b-8633-74dbb15d3390,Running,,6.32,35:58:00,5:41,10.55,454,35,,,,2013-02-22-192338.gpx
2/20/2013 18:43,d55c811c-8a0e-4222-857c-58552d95ccc8,Running,,9.59,52:35:00,5:29,10.94,687,52,,,,2013-02-20-184356.gpx
2/15/2013 18:46,e7fea3e7-d1c2-4852-bbc0-5b50b4d3dbaa,Running,,10.48,50:29:00,5:20,11.27,655,51,,,,2013-02-15-184600.gpx
2/6/2013 18:58,c8aec0f4-aeb4-49e3-8196-2b42c40250e1,Running,,3.07,8:54,2:54,20.72,103,9,,,,2013-02-06-185831.gpx
1/23/2013 18:38,0ee9afe5-668e-4801-9fd3-6208ec87f2e6,Running,,9.55,50:13:00,5:48,10.34,614,45,,,,2013-01-23-183829.gpx
1/19/2013 9:58,98321fac-a333-47d7-b568-1c609096a08f,Running,,3.39,15:56,4:42,12.75,190,15,,,,2013-01-19-095850.gpx
1/15/2013 18:40,7c512661-6a01-4ef0-80dd-b8119d5f8a59,Running,,9.2,32:42:00,4:52,12.34,398,32,,,,2013-01-15-184008.gpx
1/12/2013 8:39,3a08d9a1-fc17-4002-80c1-419700be1e22,Running,,3.09,20:07,6:31,9.21,201,13,,,,2013-01-12-083955.gpx
1/2/2013 18:35,57ff5696-7610-4296-903a-88c63c207603,Running,,5.47,31:24:00,5:45,10.44,392,28,,,,2013-01-02-183511.gpx
12/22/2012 8:29,d7cceab2-22af-4472-9dea-5380ebe7ecd4,Running,,3.05,18:44,6:09,9.76,216,17,,,,2012-12-22-082913.gpx
12/15/2012 9:43,d29db938-2212-4ea2-9f5c-4ddc42a14510,Running,,3.14,20:08,6:25,9.36,227,18,,,,2012-12-15-094353.gpx
12/8/2012 8:37,f7eca580-962a-41b8-90ad-e7369b2f2dd7,Running,,3.21,18:50,5:53,10.21,228,18,,,,2012-12-08-083738.gpx
12/4/2012 18:52,9da5a18d-925d-41d4-9468-c4a1e3b29185,Running,,10.3,32:05:00,4:50,12.39,406,30,,,,2012-12-04-185239.gpx
12/1/2012 8:21,b5f841a8-d2e1-47b2-adc5-14bf65172db3,Running,,3.31,18:07,5:28,10.97,230,18,,,,2012-12-01-082118.gpx
11/28/2012 18:58,cca72ec6-e859-453e-b099-0425b5372062,Running,,8.28,37:29:00,5:58,10.04,450,35,,,,2012-11-28-185802.gpx
11/24/2012 8:57,0cec5506-32bd-423c-b651-b76718eaba89,Running,,2.65,14:07,5:20,11.27,186,15,,,,2012-11-24-085747.gpx
11/18/2012 9:51,fc685fa0-d2b5-4984-b336-af3e578f456d,Running,,3.18,17:13,5:25,11.09,228,18,,,,2012-11-18-095118.gpx
11/10/2012 8:37,6660d9fc-c010-4de8-8d42-8ec5857a2493,Running,,2.85,16:52,5:55,10.14,205,16,,,,2012-11-10-083749.gpx
11/7/2012 18:54,9a0c4163-980c-45a3-a553-1c48503b0cbc,Running,,4.79,27:16:00,5:42,10.53,340,23,,,,2012-11-07-185435.gpx
11/4/2012 18:59,3909e197-5ff0-4f6d-8508-358d2da68249,Walking,,1.22,12:05,9:54,6.07,67,10,,,,2012-11-04-185906.gpx
10/23/2012 18:43,1387c891-e974-4c9f-9e52-3d211fb12a68,Running,,5.2,29:26:00,5:40,10.59,371,27,,,,2012-10-23-184356.gpx
10/20/2012 8:37,e91aba7a-6bc5-418a-98f4-e6b23d80e7e5,Running,,3.18,19:28,6:07,9.8,228,18,,,,2012-10-20-083733.gpx
10/18/2012 18:39,9beb9122-ddc7-4e0b-ac94-7c3064fcf669,Running,,3.7,19:17,5:13,11.51,264,20,,,,2012-10-18-183907.gpx
10/16/2012 20:27,20e33458-ae07-4b47-92d8-5d565666216a,Running,,1.28,13:17,10:24,5.77,69,9,,,,2012-10-16-202731.gpx
9/22/2012 8:56,07b5c213-ee70-4499-ad44-fd8cfe3f2fb5,Running,,3.16,16:26,5:13,11.52,225,18,,,,2012-09-22-085608.gpx
9/15/2012 8:05,94a6d776-4746-4fab-9923-e8d443888e9c,Running,,3.11,16:58,5:28,10.98,223,18,,,,2012-09-15-080515.gpx
9/8/2012 8:35,730f5507-59cc-43e6-b696-387f0946c57e,Running,,3.27,15:55,4:52,12.32,231,15,,,,2012-09-08-083502.gpx
9/4/2012 19:12,9a6868f1-a41c-435e-9775-d7a803aa61ad,Running,,8.26,32:35:00,5:12,11.53,455,34,,,,2012-09-04-191217.gpx
9/3/2012 15:25,a5be0bd3-03ae-430e-bcc8-c4a02d0a921e,Walking,,2.49,26:58:00,10:51,5.53,189,14,,,,2012-09-03-152522.gpx
9/3/2012 13:20,1295cefc-d712-4e02-8915-61cf3dc4a4b8,Walking,,4.29,39:25:00,9:12,6.53,316,112,,,,2012-09-03-132056.gpx
9/2/2012 8:41,4a9e2e1b-3a98-4630-8a89-3632aea5559a,Running,,3.14,16:16,5:11,11.56,230,18,,,,2012-09-02-084131.gpx
8/30/2012 7:10,3067c059-dd1a-4df7-90b7-5e30b9d7e355,Walking,,1.43,15:12,10:40,5.63,77,7,,,I was feeling sick,2012-08-30-071021.gpx
8/29/2012 18:19,bad065da-c772-4acc-a986-bc60aafa9473,Walking,,1.34,13:14,9:55,6.05,82,16,,,,2012-08-29-181926.gpx
8/29/2012 8:21,5c8520ac-6d45-4c1d-b0a9-61e9c689c1fd,Walking,,1.48,14:48,10:02,5.98,89,6,,,,2012-08-29-082143.gpx
8/28/2012 19:43,159e2b06-5808-4204-9d86-013132be67af,Walking,,1.46,13:24,9:12,6.52,87,13,,,,2012-08-28-194352.gpx
8/28/2012 7:06,f5218490-a372-44c8-bb20-de3b91984cbe,Walking,,1.57,13:39,8:41,6.91,926743,7,,,,2012-08-28-070657.gpx
8/24/2012 12:59,018f66a7-da5e-4985-a8fe-725a33317c87,Walking,,1.48,17:56,12:09,4.94,942192,12,,,,2012-08-24-125942.gpx
8/24/2012 10:12,7acec95a-d63d-435d-837c-7befb352f500,Walking,,1.49,13:43,9:14,6.49,924486,9,,,,2012-08-24-101216.gpx
8/24/2012 8:13,f790bdb2-b921-4018-bd39-d59d870c5847,Running,,3.15,16:00,5:05,11.82,2288868,17,,,,2012-08-24-081312.gpx
8/22/2012 18:53,706d4d6b-767d-40aa-81c9-e5e85a102051,Running,,5.69,31:08:00,5:29,10.95,4072685,32,,,,2012-08-22-185354.gpx
